Region;Contagiados con Atraso;Contagiados;Muertes;Muertes_DEIS;Recuperados;Infectados_Actuales;UCI;Fecha;Total_Contagiados
Prov_Concepción;244;267;0;3;0;0;0;4/2/2020;
Prov_Biobío;32;33;0;0;0;0;0;4/2/2020;
Prov_Arauco;9;9;0;0;0;0;0;4/2/2020;
Prov_Concepción;283;310;0;3;0;0;0;4/3/2020;
Prov_Biobío;34;35;0;0;0;0;0;4/3/2020;
Prov_Arauco;11;12;0;0;0;0;0;4/3/2020;
Prov_Concepción;305;334;;3;;;;4/4/2020;
Prov_Biobío;37;38;;0;;;;4/4/2020;
Prov_Arauco;11;12;;0;;;;4/4/2020;
Prov_Concepción;323;354;;3;;;;4/5/2020;
Prov_Biobío;38;39;;1;;;;4/5/2020;
Prov_Arauco;11;12;;0;;;;4/5/2020;
Prov_Concepción;342;375;;4;;;;4/6/2020;
Prov_Biobío;45;46;;2;;;;4/6/2020;
Prov_Arauco;11;12;;0;;;;4/6/2020;
Prov_Concepción;361;396;;4;;;;4/7/2020;
Prov_Biobío;47;49;;2;;;;4/7/2020;
Prov_Arauco;11;12;;0;;;;4/7/2020;
Prov_Concepción;386;423;;4;;;;4/8/2020;
Prov_Biobío;51;53;;2;;;;4/8/2020;
Prov_Arauco;11;12;;0;;;;4/8/2020;
Prov_Concepción;403;442;;4;;;;4/9/2020;
Prov_Biobío;55;57;;2;;;;4/9/2020;
Prov_Arauco;11;12;;0;;;;4/9/2020;
Prov_Concepción;417;457;;6;;;;4/10/2020;
Prov_Biobío;58;60;;2;;;;4/10/2020;
Prov_Arauco;11;12;;0;;;;4/10/2020;
Prov_Concepción;427;468;;6;;;;4/11/2020;
Prov_Biobío;58;60;;2;;;;4/11/2020;
Prov_Arauco;11;12;;0;;;;4/11/2020;
Prov_Concepción;437;479;;6;;;;4/12/2020;
Prov_Biobío;59;61;;2;;;;4/12/2020;
Prov_Arauco;11;12;;0;;;;4/12/2020;
Prov_Concepción;454;497;;7;;;;4/13/2020;
Prov_Biobío;59;61;;2;;;;4/13/2020;
Prov_Arauco;11;12;;0;;;;4/13/2020;
Prov_Concepción;466;511;;7;;;;4/14/2020;
Prov_Biobío;61;63;;2;;;;4/14/2020;
Prov_Arauco;11;12;;0;;;;4/14/2020;
Prov_Concepción;480;526;;9;;;;4/15/2020;
Prov_Biobío;63;65;;2;;;;4/15/2020;
Prov_Arauco;11;12;;0;;;;4/15/2020;
Prov_Concepción;495;542;;9;;;;4/16/2020;
Prov_Biobío;63;65;;2;;;;4/16/2020;
Prov_Arauco;11;12;;0;;;;4/16/2020;
Prov_Concepción;522;572;;9;;;;4/17/2020;
Prov_Biobío;63;65;;2;;;;4/17/2020;
Prov_Arauco;11;12;;0;;;;4/17/2020;
Prov_Concepción;536;587;;9;;;;4/18/2020;
Prov_Biobío;66;68;;2;;;;4/18/2020;
Prov_Arauco;11;12;;0;;;;4/18/2020;
Prov_Concepción;544;596;;10;;;;4/19/2020;
Prov_Biobío;67;69;;2;;;;4/19/2020;
Prov_Arauco;11;12;;0;;;;4/19/2020;
Prov_Concepción;554;607;;10;;;;4/20/2020;
Prov_Biobío;67;69;;2;;;;4/20/2020;
Prov_Arauco;11;12;;0;;;;4/20/2020;
Prov_Concepción;574;629;;12;;;;4/21/2020;
Prov_Biobío;68;70;;2;;;;4/21/2020;
Prov_Arauco;12;13;;0;;;;4/21/2020;
Prov_Concepción;588;644;;12;;;;4/22/2020;
Prov_Biobío;72;74;;2;;;;4/22/2020;
Prov_Arauco;12;13;;0;;;;4/22/2020;
Prov_Concepción;596;653;;13;;;;4/23/2020;
Prov_Biobío;72;74;;2;;;;4/23/2020;
Prov_Arauco;12;13;;0;;;;4/23/2020;
Prov_Concepción;602;660;;13;;;;4/24/2020;
Prov_Biobío;80;83;;2;;;;4/24/2020;
Prov_Arauco;12;13;;0;;;;4/24/2020;
Prov_Concepción;609;667;;15;;;;4/25/2020;
Prov_Biobío;80;83;;2;;;;4/25/2020;
Prov_Arauco;12;13;;0;;;;4/25/2020;
Prov_Concepción;612;671;;15;;;;4/26/2020;
Prov_Biobío;80;83;;2;;;;4/26/2020;
Prov_Arauco;12;13;;0;;;;4/26/2020;
Prov_Concepción;614;673;;17;;;;4/27/2020;
Prov_Biobío;81;84;;2;;;;4/27/2020;
Prov_Arauco;12;13;;0;;;;4/27/2020;
Prov_Concepción;622;682;;17;;;;4/28/2020;
Prov_Biobío;81;84;;2;;;;4/28/2020;
Prov_Arauco;12;13;;0;;;;4/28/2020;
Prov_Concepción;630;690;;19;;;;4/29/2020;
Prov_Biobío;81;84;;2;;;;4/29/2020;
Prov_Arauco;12;13;;0;;;;4/29/2020;
Prov_Concepción;635;696;;19;;;;4/30/2020;
Prov_Biobío;81;84;;2;;;;4/30/2020;
Prov_Arauco;12;13;;0;;;;4/30/2020;
Prov_Concepción;646;708;;20;;;;5/1/2020;
Prov_Biobío;82;85;;2;;;;5/1/2020;
Prov_Arauco;12;13;;0;;;;5/1/2020;
Prov_Concepción;653;715;;20;;;;5/2/2020;
Prov_Biobío;82;85;;2;;;;5/2/2020;
Prov_Arauco;12;13;;0;;;;5/2/2020;
Prov_Concepción;655;718;;21;;;;5/3/2020;
Prov_Biobío;84;87;;2;;;;5/3/2020;
Prov_Arauco;12;13;;0;;;;5/3/2020;
Prov_Concepción;668;732;;21;;;;5/4/2020;
Prov_Biobío;84;87;;2;;;;5/4/2020;
Prov_Arauco;12;13;;0;;;;5/4/2020;
Prov_Concepción;677;742;;23;;;;5/5/2020;
Prov_Biobío;88;91;;2;;;;5/5/2020;
Prov_Arauco;12;13;;0;;;;5/5/2020;
Prov_Concepción;691;757;;23;;;;5/6/2020;
Prov_Biobío;96;99;;2;;;;5/6/2020;
Prov_Arauco;15;16;;0;;;;5/6/2020;
Prov_Concepción;707;775;;24;;;;5/7/2020;
Prov_Biobío;103;106;;3;;;;5/7/2020;
Prov_Arauco;19;20;;0;;;;5/7/2020;
Prov_Concepción;729;799;;25;;;;5/8/2020;
Prov_Biobío;118;122;;3;;;;5/8/2020;
Prov_Arauco;23;24;;0;;;;5/8/2020;
Prov_Concepción;740;811;;25;;;;5/9/2020;
Prov_Biobío;122;126;;3;;;;5/9/2020;
Prov_Arauco;25;26;;0;;;;5/9/2020;
Prov_Concepción;757;829;;25;;;;5/10/2020;
Prov_Biobío;137;141;;3;;;;5/10/2020;
Prov_Arauco;25;26;;0;;;;5/10/2020;
Prov_Concepción;763;836;;26;;;;5/11/2020;
Prov_Biobío;141;146;;4;;;;5/11/2020;
Prov_Arauco;25;26;;0;;;;5/11/2020;
Prov_Concepción;785;860;;27;;;;5/12/2020;
Prov_Biobío;151;156;;4;;;;5/12/2020;
Prov_Arauco;25;26;;0;;;;5/12/2020;
Prov_Concepción;797;873;;27;;;;5/13/2020;
Prov_Biobío;157;162;;5;;;;5/13/2020;
Prov_Arauco;26;27;;0;;;;5/13/2020;
Prov_Concepción;800;877;;27;;;;5/14/2020;
Prov_Biobío;191;197;;5;;;;5/14/2020;
Prov_Arauco;27;28;;0;;;;5/14/2020;
Prov_Concepción;822;901;;27;;;;5/15/2020;
Prov_Biobío;207;214;;5;;;;5/15/2020;
Prov_Arauco;29;30;;0;;;;5/15/2020;
Prov_Concepción;829;908;;27;;;;5/16/2020;
Prov_Biobío;227;234;;5;;;;5/16/2020;
Prov_Arauco;29;30;;0;;;;5/16/2020;
Prov_Concepción;849;930;;27;;;;5/17/2020;
Prov_Biobío;249;257;;5;;;;5/17/2020;
Prov_Arauco;30;31;;0;;;;5/17/2020;
Prov_Concepción;863;946;;27;;;;5/18/2020;
Prov_Biobío;259;267;;5;;;;5/18/2020;
Prov_Arauco;33;35;;0;;;;5/18/2020;
Prov_Concepción;892;977;;27;;;;5/19/2020;
Prov_Biobío;278;287;;5;;;;5/19/2020;
Prov_Arauco;37;39;;0;;;;5/19/2020;
Prov_Concepción;913;1000;;28;;;;5/20/2020;
Prov_Biobío;293;302;;5;;;;5/20/2020;
Prov_Arauco;39;41;;0;;;;5/20/2020;
Prov_Concepción;940;1030;;28;;;;5/21/2020;
Prov_Biobío;311;321;;5;;;;5/21/2020;
Prov_Arauco;42;44;;0;;;;5/21/2020;
Prov_Concepción;962;1054;;29;;;;5/22/2020;
Prov_Biobío;324;334;;5;;;;5/22/2020;
Prov_Arauco;46;48;;0;;;;5/22/2020;
Prov_Concepción;987;1081;;30;;;;5/23/2020;
Prov_Biobío;355;366;;6;;;;5/23/2020;
Prov_Arauco;51;53;;0;;;;5/23/2020;
Prov_Concepción;1013;1110;;30;;;;5/24/2020;
Prov_Biobío;370;382;;6;;;;5/24/2020;
Prov_Arauco;54;57;;0;;;;5/24/2020;
Prov_Concepción;1030;1129;;30;;;;5/25/2020;
Prov_Biobío;392;405;;6;;;;5/25/2020;
Prov_Arauco;58;61;;0;;;;5/25/2020;
Prov_Concepción;1072;1175;;31;;;;5/26/2020;
Prov_Biobío;411;424;;6;;;;5/26/2020;
Prov_Arauco;59;62;;0;;;;5/26/2020;
Prov_Concepción;1141;1250;;33;;;;5/27/2020;
Prov_Biobío;444;458;;6;;;;5/27/2020;
Prov_Arauco;65;68;;0;;;;5/27/2020;
Prov_Concepción;1204;1319;;34;;;;5/28/2020;
Prov_Biobío;480;496;;6;;;;5/28/2020;
Prov_Arauco;66;69;;0;;;;5/28/2020;
Prov_Concepción;1260;1381;;34;;;;5/29/2020;
Prov_Biobío;521;538;;6;;;;5/29/2020;
Prov_Arauco;78;82;;0;;;;5/29/2020;
Prov_Concepción;1309;1434;;35;;;;5/30/2020;
Prov_Biobío;560;578;;6;;;;5/30/2020;
Prov_Arauco;80;84;;0;;;;5/30/2020;
Prov_Concepción;1360;1490;;36;;;;5/31/2020;
Prov_Biobío;587;606;;6;;;;5/31/2020;
Prov_Arauco;90;94;;0;;;;5/31/2020;
Prov_Concepción;1366;1497;;36;;;;6/1/2020;
Prov_Biobío;590;609;;6;;;;6/1/2020;
Prov_Arauco;91;95;;0;;;;6/1/2020;
Prov_Concepción;1443;1581;;40;;;;6/2/2020;
Prov_Biobío;639;660;;9;;;;6/2/2020;
Prov_Arauco;93;97;;0;;;;6/2/2020;
Prov_Concepción;1498;1641;;41;;;;6/3/2020;
Prov_Biobío;665;687;;9;;;;6/3/2020;
Prov_Arauco;98;103;;0;;;;6/3/2020;
Prov_Concepción;1543;1691;;41;;;;6/4/2020;
Prov_Biobío;691;713;;9;;;;6/4/2020;
Prov_Arauco;99;104;;0;;;;6/4/2020;
Prov_Concepción;1593;1745;;43;;;;6/5/2020;
Prov_Biobío;737;761;;10;;;;6/5/2020;
Prov_Arauco;109;114;;0;;;;6/5/2020;
Prov_Concepción;1655;1813;;43;;;;6/6/2020;
Prov_Biobío;776;801;;10;;;;6/6/2020;
Prov_Arauco;111;116;;0;;;;6/6/2020;
Prov_Concepción;1692;1854;;45;;;;6/7/2020;
Prov_Biobío;783;808;;12;;;;6/7/2020;
Prov_Arauco;120;126;;1;;;;6/7/2020;
Prov_Concepción;1712;1876;;45;;;;6/8/2020;
Prov_Biobío;799;825;;12;;;;6/8/2020;
Prov_Arauco;126;132;;1;;;;6/8/2020;
Prov_Concepción;1835;2011;;48;;;;6/9/2020;
Prov_Biobío;815;841;;13;;;;6/9/2020;
Prov_Arauco;131;137;;1;;;;6/9/2020;
Prov_Concepción;1927;2111;;52;;;;6/10/2020;
Prov_Biobío;839;866;;13;;;;6/10/2020;
Prov_Arauco;136;142;;2;;;;6/10/2020;
Prov_Concepción;2002;2194;;54;;;;6/11/2020;
Prov_Biobío;880;908;;13;;;;6/11/2020;
Prov_Arauco;145;152;;4;;;;6/11/2020;
Prov_Concepción;2124;2327;;57;;;;6/12/2020;
Prov_Biobío;916;946;;14;;;;6/12/2020;
Prov_Arauco;149;156;;4;;;;6/12/2020;
Prov_Concepción;2220;2432;;58;;;;6/13/2020;
Prov_Biobío;945;976;;14;;;;6/13/2020;
Prov_Arauco;152;159;;4;;;;6/13/2020;
Prov_Concepción;2250;2465;;62;;;;6/14/2020;
Prov_Biobío;965;996;;15;;;;6/14/2020;
Prov_Arauco;161;168;;4;;;;6/14/2020;
Prov_Concepción;2277;2495;;66;;;;6/15/2020;
Prov_Biobío;986;1018;;15;;;;6/15/2020;
Prov_Arauco;164;172;;4;;;;6/15/2020;
Prov_Concepción;2518;2518;;69;;;;6/16/2020;
Prov_Biobío;1019;1019;;15;;;;6/16/2020;
Prov_Arauco;172;172;;4;;;;6/16/2020;
Prov_Concepción;2719;2719;;70;;;;6/17/2020;
Prov_Biobío;1047;1047;;15;;;;6/17/2020;
Prov_Arauco;176;176;;4;;;;6/17/2020;
Prov_Concepción;2841;2841;;74;;;;6/18/2020;
Prov_Biobío;1100;1100;;16;;;;6/18/2020;
Prov_Arauco;182;182;;4;;;;6/18/2020;
Prov_Concepción;2977;2977;;75;;;;6/19/2020;
Prov_Biobío;1179;1179;;17;;;;6/19/2020;
Prov_Arauco;202;202;;5;;;;6/19/2020;
Prov_Concepción;3119;3119;;77;;;;6/20/2020;
Prov_Biobío;1244;1244;;18;;;;6/20/2020;
Prov_Arauco;217;217;;5;;;;6/20/2020;
Prov_Concepción;3285;3285;;79;;;;6/21/2020;
Prov_Biobío;1305;1305;;19;;;;6/21/2020;
Prov_Arauco;221;221;;6;;;;6/21/2020;
Prov_Concepción;3376;3376;;85;;;;6/22/2020;
Prov_Biobío;1319;1319;;21;;;;6/22/2020;
Prov_Arauco;267;267;;6;;;;6/22/2020;
Prov_Concepción;3458;3458;;85;;;;6/23/2020;
Prov_Biobío;1344;1344;;22;;;;6/23/2020;
Prov_Arauco;278;278;;8;;;;6/23/2020;
Prov_Concepción;3605;3605;;87;;;;6/24/2020;
Prov_Biobío;1405;1405;;23;;;;6/24/2020;
Prov_Arauco;291;291;;9;;;;6/24/2020;
Prov_Concepción;3860;3860;;92;;;;6/25/2020;
Prov_Biobío;1485;1485;;25;;;;6/25/2020;
Prov_Arauco;304;304;;9;;;;6/25/2020;
Prov_Concepción;4004;4004;;93;;;;6/26/2020;
Prov_Biobío;1526;1526;;25;;;;6/26/2020;
Prov_Arauco;313;313;;9;;;;6/26/2020;
Prov_Concepción;4137;4137;;95;;;;6/27/2020;
Prov_Biobío;1589;1589;;25;;;;6/27/2020;
Prov_Arauco;339;339;;9;;;;6/27/2020;
Prov_Concepción;4261;4261;;96;;;;6/28/2020;
Prov_Biobío;1627;1627;;26;;;;6/28/2020;
Prov_Arauco;354;354;;9;;;;6/28/2020;
Prov_Concepción;4344;4344;;100;;;;6/29/2020;
Prov_Biobío;1629;1629;;26;;;;6/29/2020;
Prov_Arauco;363;363;;9;;;;6/29/2020;
Prov_Concepción;4399;4399;;101;;;;6/30/2020;
Prov_Biobío;1709;1709;;26;;;;6/30/2020;
Prov_Arauco;379;379;;9;;;;6/30/2020;
Prov_Concepción;4469;4469;;101;;;;7/1/2020;
Prov_Biobío;1739;1739;;26;;;;7/1/2020;
Prov_Arauco;385;385;;9;;;;7/1/2020;
Prov_Concepción;4561;4561;;102;;;;7/2/2020;
Prov_Biobío;1794;1794;;27;;;;7/2/2020;
Prov_Arauco;393;393;;9;;;;7/2/2020;
Prov_Concepción;4683;4683;;108;;;;7/3/2020;
Prov_Biobío;1827;1827;;28;;;;7/3/2020;
Prov_Arauco;400;400;;9;;;;7/3/2020;
Prov_Concepción;4777;4777;;108;;;;7/4/2020;
Prov_Biobío;1887;1887;;28;;;;7/4/2020;
Prov_Arauco;415;415;;11;;;;7/4/2020;
Prov_Concepción;4883;4883;;108;;;;7/5/2020;
Prov_Biobío;1938;1938;;29;;;;7/5/2020;
Prov_Arauco;422;422;;11;;;;7/5/2020;
Prov_Concepción;4966;4966;;113;;;;7/6/2020;
Prov_Biobío;1951;1951;;29;;;;7/6/2020;
Prov_Arauco;430;430;;11;;;;7/6/2020;
Prov_Concepción;5039;5039;;114;;;;7/7/2020;
Prov_Biobío;1979;1979;;30;;;;7/7/2020;
Prov_Arauco;436;436;;12;;;;7/7/2020;
Prov_Concepción;5134;5134;;117;;;;7/8/2020;
Prov_Biobío;2034;2034;;30;;;;7/8/2020;
Prov_Arauco;450;450;;13;;;;7/8/2020;
Prov_Concepción;5239;5239;;120;;;;7/9/2020;
Prov_Biobío;2097;2097;;30;;;;7/9/2020;
Prov_Arauco;466;466;;13;;;;7/9/2020;
Prov_Concepción;5322;5322;;123;;;;7/10/2020;
Prov_Biobío;2136;2136;;30;;;;7/10/2020;
Prov_Arauco;486;486;;16;;;;7/10/2020;
Prov_Concepción;5438;5438;;124;;;;7/11/2020;
Prov_Biobío;2169;2169;;31;;;;7/11/2020;
Prov_Arauco;494;494;;17;;;;7/11/2020;
Prov_Concepción;5507;5507;;127;;;;7/12/2020;
Prov_Biobío;2215;2215;;32;;;;7/12/2020;
Prov_Arauco;503;503;;17;;;;7/12/2020;
Prov_Concepción;5554;5554;;129;;;;7/13/2020;
Prov_Biobío;2240;2240;;32;;;;7/13/2020;
Prov_Arauco;513;513;;18;;;;7/13/2020;
Prov_Concepción;5635;5635;;130;;;;7/14/2020;
Prov_Biobío;2269;2269;;33;;;;7/14/2020;
Prov_Arauco;522;522;;18;;;;7/14/2020;
Prov_Concepción;5747;5747;;131;;;;7/15/2020;
Prov_Biobío;2313;2313;;34;;;;7/15/2020;
Prov_Arauco;536;536;;19;;;;7/15/2020;
Prov_Concepción;5857;5857;;133;;;;7/16/2020;
Prov_Biobío;2355;2355;;35;;;;7/16/2020;
Prov_Arauco;550;550;;19;;;;7/16/2020;
Prov_Concepción;5969;5969;;138;;;;7/17/2020;
Prov_Biobío;2374;2374;;35;;;;7/17/2020;
Prov_Arauco;568;568;;19;;;;7/17/2020;
Prov_Concepción;6059;6059;;139;;;;7/18/2020;
Prov_Biobío;2410;2410;;35;;;;7/18/2020;
Prov_Arauco;590;590;;19;;;;7/18/2020;
Prov_Concepción;6159;6159;;139;;;;7/19/2020;
Prov_Biobío;2422;2422;;35;;;;7/19/2020;
Prov_Arauco;607;607;;20;;;;7/19/2020;
Prov_Concepción;6251;6251;;139;;;;7/20/2020;
Prov_Biobío;2437;2437;;35;;;;7/20/2020;
Prov_Arauco;621;621;;21;;;;7/20/2020;
Prov_Concepción;6338;6338;;140;;;;7/21/2020;
Prov_Biobío;2447;2447;;35;;;;7/21/2020;
Prov_Arauco;633;633;;22;;;;7/21/2020;
Prov_Concepción;6480;6480;;141;;;;7/22/2020;
Prov_Biobío;2462;2462;;39;;;;7/22/2020;
Prov_Arauco;642;642;;22;;;;7/22/2020;
Prov_Concepción;6609;6609;;143;;;;7/23/2020;
Prov_Biobío;2487;2487;;39;;;;7/23/2020;
Prov_Arauco;664;664;;22;;;;7/23/2020;
Prov_Concepción;6733;6733;;147;;;;7/24/2020;
Prov_Biobío;2510;2510;;40;;;;7/24/2020;
Prov_Arauco;706;706;;23;;;;7/24/2020;
Prov_Concepción;6870;6870;;153;;;;7/25/2020;
Prov_Biobío;2538;2538;;40;;;;7/25/2020;
Prov_Arauco;735;735;;24;;;;7/25/2020;
Prov_Concepción;6973;6973;;153;;;;7/26/2020;
Prov_Biobío;2557;2557;;40;;;;7/26/2020;
Prov_Arauco;747;747;;24;;;;7/26/2020;
Prov_Concepción;7078;7078;;156;;;;7/27/2020;
Prov_Biobío;2583;2583;;41;;;;7/27/2020;
Prov_Arauco;760;760;;25;;;;7/27/2020;
Prov_Concepción;7188;7188;;158;;;;7/28/2020;
Prov_Biobío;2610;2610;;42;;;;7/28/2020;
Prov_Arauco;767;767;;25;;;;7/28/2020;
Prov_Concepción;7291;7291;;158;;;;7/29/2020;
Prov_Biobío;2636;2636;;44;;;;7/29/2020;
Prov_Arauco;785;785;;25;;;;7/29/2020;
Prov_Concepción;7433;7433;;159;;;;7/30/2020;
Prov_Biobío;2658;2658;;45;;;;7/30/2020;
Prov_Arauco;798;798;;25;;;;7/30/2020;
Prov_Concepción;7575;7575;;160;;;;7/31/2020;
Prov_Biobío;2680;2680;;48;;;;7/31/2020;
Prov_Arauco;805;805;;25;;;;7/31/2020;
Prov_Concepción;7702;7702;;164;;;;8/1/2020;
Prov_Biobío;2718;2718;;48;;;;8/1/2020;
Prov_Arauco;821;821;;25;;;;8/1/2020;
Prov_Concepción;7800;7800;;164;;;;8/2/2020;
Prov_Biobío;2731;2731;;48;;;;8/2/2020;
Prov_Arauco;839;839;;26;;;;8/2/2020;
Prov_Concepción;7897;7897;;166;;;;8/3/2020;
Prov_Biobío;2744;2744;;48;;;;8/3/2020;
Prov_Arauco;848;848;;26;;;;8/3/2020;
Prov_Concepción;8025;8025;;169;;;;8/4/2020;
Prov_Biobío;2754;2754;;49;;;;8/4/2020;
Prov_Arauco;862;862;;26;;;;8/4/2020;
Prov_Concepción;8170;8170;;170;;;;8/5/2020;
Prov_Biobío;2773;2773;;49;;;;8/5/2020;
Prov_Arauco;871;871;;26;;;;8/5/2020;
Prov_Concepción;8345;8345;;174;;;;8/6/2020;
Prov_Biobío;2804;2804;;49;;;;8/6/2020;
Prov_Arauco;891;891;;27;;;;8/6/2020;
Prov_Concepción;8483;8483;;177;;;;8/7/2020;
Prov_Biobío;2832;2832;;49;;;;8/7/2020;
Prov_Arauco;912;912;;27;;;;8/7/2020;
Prov_Concepción;8665;8665;;180;;;;8/8/2020;
Prov_Biobío;2840;2840;;51;;;;8/8/2020;
Prov_Arauco;933;933;;28;;;;8/8/2020;
Prov_Concepción;8763;8763;;186;;;;8/9/2020;
Prov_Biobío;2855;2855;;51;;;;8/9/2020;
Prov_Arauco;935;935;;29;;;;8/9/2020;
Prov_Concepción;8888;8888;;188;;;;8/10/2020;
Prov_Biobío;2866;2866;;52;;;;8/10/2020;
Prov_Arauco;951;951;;29;;;;8/10/2020;
Prov_Concepción;8975;8975;;188;;;;8/11/2020;
Prov_Biobío;2870;2870;;54;;;;8/11/2020;
Prov_Arauco;953;953;;29;;;;8/11/2020;
Prov_Concepción;9171;9171;;188;;;;8/12/2020;
Prov_Biobío;2893;2893;;54;;;;8/12/2020;
Prov_Arauco;957;957;;29;;;;8/12/2020;
Prov_Concepción;9322;9322;;192;;;;8/13/2020;
Prov_Biobío;2914;2914;;54;;;;8/13/2020;
Prov_Arauco;983;983;;29;;;;8/13/2020;
Prov_Concepción;9465;9465;;194;;;;8/14/2020;
Prov_Biobío;2926;2926;;54;;;;8/14/2020;
Prov_Arauco;987;987;;29;;;;8/14/2020;
Prov_Concepción;9618;9618;;197;;;;8/15/2020;
Prov_Biobío;2948;2948;;57;;;;8/15/2020;
Prov_Arauco;1010;1010;;29;;;;8/15/2020;
Prov_Concepción;9772;9772;;200;;;;8/16/2020;
Prov_Biobío;2970;2970;;58;;;;8/16/2020;
Prov_Arauco;1023;1023;;30;;;;8/16/2020;
Prov_Concepción;9859;9859;;202;;;;8/17/2020;
Prov_Biobío;2983;2983;;60;;;;8/17/2020;
Prov_Arauco;1040;1040;;30;;;;8/17/2020;
Prov_Concepción;9967;9967;;204;;;;8/18/2020;
Prov_Biobío;2999;2999;;60;;;;8/18/2020;
Prov_Arauco;1053;1053;;32;;;;8/18/2020;
Prov_Concepción;10154;10154;;211;;;;8/19/2020;
Prov_Biobío;3037;3037;;61;;;;8/19/2020;
Prov_Arauco;1068;1068;;32;;;;8/19/2020;
Prov_Concepción;10381;10381;;213;;;;8/20/2020;
Prov_Biobío;3056;3056;;62;;;;8/20/2020;
Prov_Arauco;1080;1080;;34;;;;8/20/2020;
Prov_Concepción;10558;10558;;220;;;;8/21/2020;
Prov_Biobío;3091;3091;;62;;;;8/21/2020;
Prov_Arauco;1103;1103;;34;;;;8/21/2020;
Prov_Concepción;10754;10754;;225;;;;8/22/2020;
Prov_Biobío;3149;3149;;62;;;;8/22/2020;
Prov_Arauco;1123;1123;;34;;;;8/22/2020;
Prov_Concepción;10949;10949;;230;;;;8/23/2020;
Prov_Biobío;3173;3173;;63;;;;8/23/2020;
Prov_Arauco;1152;1152;;35;;;;8/23/2020;
Prov_Concepción;11071;11071;;234;;;;8/24/2020;
Prov_Biobío;3177;3177;;63;;;;8/24/2020;
Prov_Arauco;1171;1171;;36;;;;8/24/2020;
Prov_Concepción;11197;11197;;239;;;;8/25/2020;
Prov_Biobío;3187;3187;;64;;;;8/25/2020;
Prov_Arauco;1179;1179;;37;;;;8/25/2020;
Prov_Concepción;11464;11464;;241;;;;8/26/2020;
Prov_Biobío;3223;3223;;64;;;;8/26/2020;
Prov_Arauco;1203;1203;;37;;;;8/26/2020;
Prov_Concepción;11667;11667;;247;;;;8/27/2020;
Prov_Biobío;3255;3255;;65;;;;8/27/2020;
Prov_Arauco;1209;1209;;38;;;;8/27/2020;
Prov_Concepción;11954;11954;;250;;;;8/28/2020;
Prov_Biobío;3302;3302;;65;;;;8/28/2020;
Prov_Arauco;1234;1234;;38;;;;8/28/2020;
Prov_Concepción;12122;12122;;254;;;;8/29/2020;
Prov_Biobío;3344;3344;;65;;;;8/29/2020;
Prov_Arauco;1250;1250;;38;;;;8/29/2020;
Prov_Concepción;12323;12323;;263;;;;8/30/2020;
Prov_Biobío;3376;3376;;65;;;;8/30/2020;
Prov_Arauco;1266;1266;;39;;;;8/30/2020;
Prov_Concepción;12449;12449;;270;;;;8/31/2020;
Prov_Biobío;3395;3395;;65;;;;8/31/2020;
Prov_Arauco;1280;1280;;40;;;;8/31/2020;
Prov_Concepción;12563;12563;;275;;;;9/1/2020;
Prov_Biobío;3411;3411;;66;;;;9/1/2020;
Prov_Arauco;1304;1304;;40;;;;9/1/2020;
Prov_Concepción;12774;12774;;275;;;;9/2/2020;
Prov_Biobío;3441;3441;;67;;;;9/2/2020;
Prov_Arauco;1315;1315;;40;;;;9/2/2020;
Prov_Concepción;13025;13025;;283;;;;9/3/2020;
Prov_Biobío;3463;3463;;68;;;;9/3/2020;
Prov_Arauco;1340;1340;;40;;;;9/3/2020;
Prov_Concepción;13218;13218;;288;;;;9/4/2020;
Prov_Biobío;3496;3496;;68;;;;9/4/2020;
Prov_Arauco;1354;1354;;40;;;;9/4/2020;
Prov_Concepción;13437;13437;;290;;;;9/5/2020;
Prov_Biobío;3534;3534;;68;;;;9/5/2020;
Prov_Arauco;1391;1391;;40;;;;9/5/2020;
Prov_Concepción;13587;13587;;296;;;;9/6/2020;
Prov_Biobío;3579;3579;;70;;;;9/6/2020;
Prov_Arauco;1410;1410;;40;;;;9/6/2020;
Prov_Concepción;13706;13706;;297;;;;9/7/2020;
Prov_Biobío;3599;3599;;70;;;;9/7/2020;
Prov_Arauco;1421;1421;;42;;;;9/7/2020;
Prov_Concepción;13824;13824;;301;;;;9/8/2020;
Prov_Biobío;3620;3620;;70;;;;9/8/2020;
Prov_Arauco;1448;1448;;43;;;;9/8/2020;
Prov_Concepción;14015;14015;;305;;;;9/9/2020;
Prov_Biobío;3640;3640;;70;;;;9/9/2020;
Prov_Arauco;1480;1480;;43;;;;9/9/2020;
Prov_Concepción;14148;14148;;307;;;;9/10/2020;
Prov_Biobío;3673;3673;;71;;;;9/10/2020;
Prov_Arauco;1546;1546;;43;;;;9/10/2020;
Prov_Concepción;14344;14344;;313;;;;9/11/2020;
Prov_Biobío;3693;3693;;72;;;;9/11/2020;
Prov_Arauco;1567;1567;;43;;;;9/11/2020;
Prov_Concepción;14501;14501;;317;;;;9/12/2020;
Prov_Biobío;3734;3734;;73;;;;9/12/2020;
Prov_Arauco;1611;1611;;43;;;;9/12/2020;
Prov_Concepción;14639;14639;;322;;;;9/13/2020;
Prov_Biobío;3753;3753;;73;;;;9/13/2020;
Prov_Arauco;1642;1642;;43;;;;9/13/2020;
Prov_Concepción;14739;14739;;329;;;;9/14/2020;
Prov_Biobío;3778;3778;;73;;;;9/14/2020;
Prov_Arauco;1690;1690;;43;;;;9/14/2020;
Prov_Concepción;14845;14845;;330;;;;9/15/2020;
Prov_Biobío;3793;3793;;73;;;;9/15/2020;
Prov_Arauco;1716;1716;;44;;;;9/15/2020;
Prov_Concepción;15039;15039;;330;;;;9/16/2020;
Prov_Biobío;3821;3821;;74;;;;9/16/2020;
Prov_Arauco;1755;1755;;45;;;;9/16/2020;
Prov_Concepción;15218;15218;;331;;;;9/17/2020;
Prov_Biobío;3838;3838;;74;;;;9/17/2020;
Prov_Arauco;1800;1800;;47;;;;9/17/2020;
Prov_Concepción;15373;15373;;336;;;;9/18/2020;
Prov_Biobío;3854;3854;;74;;;;9/18/2020;
Prov_Arauco;1839;1839;;47;;;;9/18/2020;
Prov_Concepción;15489;15489;;344;;;;9/19/2020;
Prov_Biobío;3868;3868;;74;;;;9/19/2020;
Prov_Arauco;1858;1858;;47;;;;9/19/2020;
Prov_Concepción;15561;15561;;349;;;;9/20/2020;
Prov_Biobío;3889;3889;;74;;;;9/20/2020;
Prov_Arauco;1873;1873;;49;;;;9/20/2020;
Prov_Concepción;15668;15668;;349;;;;9/21/2020;
Prov_Biobío;3902;3902;;74;;;;9/21/2020;
Prov_Arauco;1898;1898;;49;;;;9/21/2020;
Prov_Concepción;15786;15786;;354;;;;9/22/2020;
Prov_Biobío;3914;3914;;75;;;;9/22/2020;
Prov_Arauco;1928;1928;;49;;;;9/22/2020;
Prov_Concepción;15961;15961;;363;;;;9/23/2020;
Prov_Biobío;3951;3951;;75;;;;9/23/2020;
Prov_Arauco;1984;1984;;50;;;;9/23/2020;
Prov_Concepción;16177;16177;;367;;;;9/24/2020;
Prov_Biobío;3965;3965;;75;;;;9/24/2020;
Prov_Arauco;2022;2022;;51;;;;9/24/2020;
Prov_Concepción;16360;16360;;372;;;;9/25/2020;
Prov_Biobío;3985;3985;;75;;;;9/25/2020;
Prov_Arauco;2080;2080;;52;;;;9/25/2020;
Prov_Concepción;16501;16501;;374;;;;9/26/2020;
Prov_Biobío;4006;4006;;75;;;;9/26/2020;
Prov_Arauco;2126;2126;;53;;;;9/26/2020;
Prov_Concepción;16650;16650;;377;;;;9/27/2020;
Prov_Biobío;4015;4015;;77;;;;9/27/2020;
Prov_Arauco;2155;2155;;54;;;;9/27/2020;
Prov_Concepción;16743;16743;;380;;;;9/28/2020;
Prov_Biobío;4027;4027;;77;;;;9/28/2020;
Prov_Arauco;2182;2182;;55;;;;9/28/2020;
Prov_Concepción;16837;16837;;383;;;;9/29/2020;
Prov_Biobío;4041;4041;;78;;;;9/29/2020;
Prov_Arauco;2209;2209;;55;;;;9/29/2020;
Prov_Concepción;16959;16959;;391;;;;9/30/2020;
Prov_Biobío;4096;4096;;78;;;;9/30/2020;
Prov_Arauco;2246;2246;;55;;;;9/30/2020;
Prov_Concepción;17090;17090;;393;;;;10/1/2020;
Prov_Biobío;4115;4115;;78;;;;10/1/2020;
Prov_Arauco;2284;2284;;55;;;;10/1/2020;
Prov_Concepción;17211;17211;;396;;;;10/2/2020;
Prov_Biobío;4132;4132;;78;;;;10/2/2020;
Prov_Arauco;2324;2324;;55;;;;10/2/2020;
Prov_Concepción;17359;17359;;403;;;;10/3/2020;
Prov_Biobío;4158;4158;;78;;;;10/3/2020;
Prov_Arauco;2348;2348;;55;;;;10/3/2020;
Prov_Concepción;17465;17465;;407;;;;10/4/2020;
Prov_Biobío;4178;4178;;78;;;;10/4/2020;
Prov_Arauco;2373;2373;;56;;;;10/4/2020;
Prov_Concepción;17554;17554;;413;;;;10/5/2020;
Prov_Biobío;4207;4207;;78;;;;10/5/2020;
Prov_Arauco;2389;2389;;57;;;;10/5/2020;
Prov_Concepción;17613;17613;;416;;;;10/6/2020;
Prov_Biobío;4227;4227;;78;;;;10/6/2020;
Prov_Arauco;2409;2409;;58;;;;10/6/2020;
Prov_Concepción;17725;17725;;419;;;;10/7/2020;
Prov_Biobío;4260;4260;;78;;;;10/7/2020;
Prov_Arauco;2431;2431;;58;;;;10/7/2020;
Prov_Concepción;17836;17836;;420;;;;10/8/2020;
Prov_Biobío;4304;4304;;78;;;;10/8/2020;
Prov_Arauco;2452;2452;;58;;;;10/8/2020;
Prov_Concepción;17978;17978;;424;;;;10/9/2020;
Prov_Biobío;4354;4354;;79;;;;10/9/2020;
Prov_Arauco;2489;2489;;59;;;;10/9/2020;
Prov_Concepción;18104;18104;;429;;;;10/10/2020;
Prov_Biobío;4415;4415;;80;;;;10/10/2020;
Prov_Arauco;2522;2522;;59;;;;10/10/2020;
Prov_Concepción;18210;18210;;431;;;;10/11/2020;
Prov_Biobío;4470;4470;;81;;;;10/11/2020;
Prov_Arauco;2549;2549;;59;;;;10/11/2020;
Prov_Concepción;18288;18288;;439;;;;10/12/2020;
Prov_Biobío;4528;4528;;82;;;;10/12/2020;
Prov_Arauco;2592;2592;;59;;;;10/12/2020;
Prov_Concepción;18357;18357;;441;;;;10/13/2020;
Prov_Biobío;4567;4567;;83;;;;10/13/2020;
Prov_Arauco;2627;2627;;59;;;;10/13/2020;
Prov_Concepción;18444;18444;;443;;;;10/14/2020;
Prov_Biobío;4609;4609;;83;;;;10/14/2020;
Prov_Arauco;2679;2679;;64;;;;10/14/2020;
Prov_Concepción;18594;18594;;450;;;;10/15/2020;
Prov_Biobío;4712;4712;;83;;;;10/15/2020;
Prov_Arauco;2721;2721;;65;;;;10/15/2020;
Prov_Concepción;18704;18704;;453;;;;10/16/2020;
Prov_Biobío;4761;4761;;83;;;;10/16/2020;
Prov_Arauco;2796;2796;;65;;;;10/16/2020;
Prov_Concepción;18837;18837;;462;;;;10/17/2020;
Prov_Biobío;4802;4802;;84;;;;10/17/2020;
Prov_Arauco;2877;2877;;68;;;;10/17/2020;
Prov_Concepción;18960;18960;;464;;;;10/18/2020;
Prov_Biobío;4863;4863;;85;;;;10/18/2020;
Prov_Arauco;2906;2906;;68;;;;10/18/2020;
Prov_Concepción;19024;19024;;467;;;;10/19/2020;
Prov_Biobío;4902;4902;;88;;;;10/19/2020;
Prov_Arauco;2930;2930;;68;;;;10/19/2020;
Prov_Concepción;19105;19105;;470;;;;10/20/2020;
Prov_Biobío;4937;4937;;88;;;;10/20/2020;
Prov_Arauco;2956;2956;;68;;;;10/20/2020;
Prov_Concepción;19220;19220;;478;;;;10/21/2020;
Prov_Biobío;4985;4985;;90;;;;10/21/2020;
Prov_Arauco;2985;2985;;68;;;;10/21/2020;
Prov_Concepción;19357;19357;;483;;;;10/22/2020;
Prov_Biobío;5051;5051;;91;;;;10/22/2020;
Prov_Arauco;3025;3025;;68;;;;10/22/2020;
Prov_Concepción;19502;19502;;486;;;;10/23/2020;
Prov_Biobío;5107;5107;;93;;;;10/23/2020;
Prov_Arauco;3052;3052;;68;;;;10/23/2020;
Prov_Concepción;19626;19626;;491;;;;10/24/2020;
Prov_Biobío;5151;5151;;95;;;;10/24/2020;
Prov_Arauco;3084;3084;;70;;;;10/24/2020;
Prov_Concepción;19753;19753;;495;;;;10/25/2020;
Prov_Biobío;5211;5211;;95;;;;10/25/2020;
Prov_Arauco;3106;3106;;73;;;;10/25/2020;
Prov_Concepción;19839;19839;;499;;;;10/26/2020;
Prov_Biobío;5269;5269;;96;;;;10/26/2020;
Prov_Arauco;3121;3121;;73;;;;10/26/2020;
Prov_Concepción;19916;19916;;500;;;;10/27/2020;
Prov_Biobío;5296;5296;;96;;;;10/27/2020;
Prov_Arauco;3140;3140;;74;;;;10/27/2020;
Prov_Concepción;20027;20027;;506;;;;10/28/2020;
Prov_Biobío;5362;5362;;97;;;;10/28/2020;
Prov_Arauco;3170;3170;;74;;;;10/28/2020;
Prov_Concepción;20146;20146;;511;;;;10/29/2020;
Prov_Biobío;5425;5425;;99;;;;10/29/2020;
Prov_Arauco;3192;3192;;74;;;;10/29/2020;
Prov_Concepción;20288;20288;;513;;;;10/30/2020;
Prov_Biobío;5492;5492;;101;;;;10/30/2020;
Prov_Arauco;3208;3208;;74;;;;10/30/2020;
Prov_Concepción;20400;20400;;516;;;;10/31/2020;
Prov_Biobío;5547;5547;;103;;;;10/31/2020;
Prov_Arauco;3230;3230;;75;;;;10/31/2020;
Prov_Concepción;20509;20509;;518;;;;11/1/2020;
Prov_Biobío;5620;5620;;105;;;;11/1/2020;
Prov_Arauco;3244;3244;;76;;;;11/1/2020;
Prov_Concepción;20597;20597;;521;;;;11/2/2020;
Prov_Biobío;5656;5656;;106;;;;11/2/2020;
Prov_Arauco;3265;3265;;76;;;;11/2/2020;
Prov_Concepción;20668;20668;;524;;;;11/3/2020;
Prov_Biobío;5700;5700;;106;;;;11/3/2020;
Prov_Arauco;3277;3277;;76;;;;11/3/2020;
Prov_Concepción;20827;20827;;527;;;;11/4/2020;
Prov_Biobío;5757;5757;;106;;;;11/4/2020;
Prov_Arauco;3310;3310;;77;;;;11/4/2020;
Prov_Concepción;20964;20964;;530;;;;11/5/2020;
Prov_Biobío;5825;5825;;107;;;;11/5/2020;
Prov_Arauco;3355;3355;;80;;;;11/5/2020;
Prov_Concepción;21133;21133;;535;;;;11/6/2020;
Prov_Biobío;5896;5896;;107;;;;11/6/2020;
Prov_Arauco;3376;3376;;81;;;;11/6/2020;
Prov_Concepción;21279;21279;;538;;;;11/7/2020;
Prov_Biobío;5977;5977;;108;;;;11/7/2020;
Prov_Arauco;3389;3389;;83;;;;11/7/2020;
Prov_Concepción;21393;21393;;543;;;;11/8/2020;
Prov_Biobío;6036;6036;;108;;;;11/8/2020;
Prov_Arauco;3410;3410;;85;;;;11/8/2020;
Prov_Concepción;21472;21472;;548;;;;11/9/2020;
Prov_Biobío;6067;6067;;108;;;;11/9/2020;
Prov_Arauco;3428;3428;;85;;;;11/9/2020;
Prov_Concepción;21586;21586;;550;;;;11/10/2020;
Prov_Biobío;6105;6105;;108;;;;11/10/2020;
Prov_Arauco;3437;3437;;85;;;;11/10/2020;
Prov_Concepción;21802;21802;;553;;;;11/11/2020;
Prov_Biobío;6194;6194;;110;;;;11/11/2020;
Prov_Arauco;3478;3478;;85;;;;11/11/2020;
Prov_Concepción;21997;21997;;557;;;;11/12/2020;
Prov_Biobío;6255;6255;;110;;;;11/12/2020;
Prov_Arauco;3504;3504;;85;;;;11/12/2020;
Prov_Concepción;22159;22159;;561;;;;11/13/2020;
Prov_Biobío;6340;6340;;112;;;;11/13/2020;
Prov_Arauco;3534;3534;;85;;;;11/13/2020;
Prov_Concepción;22336;22336;;563;;;;11/14/2020;
Prov_Biobío;6367;6367;;113;;;;11/14/2020;
Prov_Arauco;3565;3565;;85;;;;11/14/2020;
Prov_Concepción;22529;22529;;567;;;;11/15/2020;
Prov_Biobío;6403;6403;;113;;;;11/15/2020;
Prov_Arauco;3592;3592;;86;;;;11/15/2020;
Prov_Concepción;22638;22638;;571;;;;11/16/2020;
Prov_Biobío;6439;6439;;114;;;;11/16/2020;
Prov_Arauco;3609;3609;;87;;;;11/16/2020;
Prov_Concepción;22768;22768;;576;;;;11/17/2020;
Prov_Biobío;6460;6460;;114;;;;11/17/2020;
Prov_Arauco;3627;3627;;87;;;;11/17/2020;
Prov_Concepción;22965;22965;;578;;;;11/18/2020;
Prov_Biobío;6524;6524;;114;;;;11/18/2020;
Prov_Arauco;3663;3663;;87;;;;11/18/2020;
Prov_Concepción;23156;23156;;582;;;;11/19/2020;
Prov_Biobío;6550;6550;;115;;;;11/19/2020;
Prov_Arauco;3690;3690;;87;;;;11/19/2020;
Prov_Concepción;23370;23370;;585;;;;11/20/2020;
Prov_Biobío;6586;6586;;116;;;;11/20/2020;
Prov_Arauco;3723;3723;;87;;;;11/20/2020;
Prov_Concepción;23549;23549;;589;;;;11/21/2020;
Prov_Biobío;6623;6623;;116;;;;11/21/2020;
Prov_Arauco;3748;3748;;87;;;;11/21/2020;
Prov_Concepción;23736;23736;;594;;;;11/22/2020;
Prov_Biobío;6670;6670;;117;;;;11/22/2020;
Prov_Arauco;3781;3781;;89;;;;11/22/2020;
Prov_Concepción;23848;23848;;597;;;;11/23/2020;
Prov_Biobío;6687;6687;;117;;;;11/23/2020;
Prov_Arauco;3802;3802;;90;;;;11/23/2020;
Prov_Concepción;24000;24000;;600;;;;11/24/2020;
Prov_Biobío;6732;6732;;117;;;;11/24/2020;
Prov_Arauco;3824;3824;;90;;;;11/24/2020;
Prov_Concepción;24228;24228;;602;;;;11/25/2020;
Prov_Biobío;6776;6776;;118;;;;11/25/2020;
Prov_Arauco;3867;3867;;90;;;;11/25/2020;
Prov_Concepción;24419;24419;;606;;;;11/26/2020;
Prov_Biobío;6859;6859;;120;;;;11/26/2020;
Prov_Arauco;3921;3921;;90;;;;11/26/2020;
Prov_Concepción;24606;24606;;614;;;;11/27/2020;
Prov_Biobío;6916;6916;;120;;;;11/27/2020;
Prov_Arauco;3951;3951;;92;;;;11/27/2020;
Prov_Concepción;24772;24772;;618;;;;11/28/2020;
Prov_Biobío;6973;6973;;120;;;;11/28/2020;
Prov_Arauco;3978;3978;;93;;;;11/28/2020;
Prov_Concepción;24937;24937;;625;;;;11/29/2020;
Prov_Biobío;7021;7021;;121;;;;11/29/2020;
Prov_Arauco;4020;4020;;94;;;;11/29/2020;
Prov_Concepción;25080;25080;;629;;;;11/30/2020;
Prov_Biobío;7101;7101;;121;;;;11/30/2020;
Prov_Arauco;4041;4041;;94;;;;11/30/2020;
Prov_Concepción;25214;25214;;635;;;;12/1/2020;
Prov_Biobío;7147;7147;;122;;;;12/1/2020;
Prov_Arauco;4053;4053;;94;;;;12/1/2020;
Prov_Concepción;25476;25476;;638;;;;12/2/2020;
Prov_Biobío;7221;7221;;122;;;;12/2/2020;
Prov_Arauco;4111;4111;;94;;;;12/2/2020;
Prov_Concepción;25689;25689;;639;;;;12/3/2020;
Prov_Biobío;7291;7291;;123;;;;12/3/2020;
Prov_Arauco;4144;4144;;95;;;;12/3/2020;
Prov_Concepción;25885;25885;;646;;;;12/4/2020;
Prov_Biobío;7358;7358;;125;;;;12/4/2020;
Prov_Arauco;4176;4176;;98;;;;12/4/2020;
Prov_Concepción;26136;26136;;653;;;;12/5/2020;
Prov_Biobío;7425;7425;;126;;;;12/5/2020;
Prov_Arauco;4217;4217;;99;;;;12/5/2020;
Prov_Concepción;26338;26338;;657;;;;12/6/2020;
Prov_Biobío;7518;7518;;126;;;;12/6/2020;
Prov_Arauco;4288;4288;;99;;;;12/6/2020;
Prov_Concepción;26444;26444;;661;;;;12/7/2020;
Prov_Biobío;7603;7603;;127;;;;12/7/2020;
Prov_Arauco;4318;4318;;99;;;;12/7/2020;
Prov_Concepción;26576;26576;;664;;;;12/8/2020;
Prov_Biobío;7686;7686;;127;;;;12/8/2020;
Prov_Arauco;4349;4349;;100;;;;12/8/2020;
Prov_Concepción;26825;26825;;667;;;;12/9/2020;
Prov_Biobío;7792;7792;;128;;;;12/9/2020;
Prov_Arauco;4399;4399;;101;;;;12/9/2020;
Prov_Concepción;26994;26994;;670;;;;12/10/2020;
Prov_Biobío;7847;7847;;128;;;;12/10/2020;
Prov_Arauco;4455;4455;;101;;;;12/10/2020;
Prov_Concepción;27256;27256;;676;;;;12/11/2020;
Prov_Biobío;7942;7942;;130;;;;12/11/2020;
Prov_Arauco;4525;4525;;104;;;;12/11/2020;
Prov_Concepción;27490;27490;;681;;;;12/12/2020;
Prov_Biobío;8035;8035;;131;;;;12/12/2020;
Prov_Arauco;4596;4596;;104;;;;12/12/2020;
Prov_Concepción;27743;27743;;683;;;;12/13/2020;
Prov_Biobío;8130;8130;;133;;;;12/13/2020;
Prov_Arauco;4642;4642;;105;;;;12/13/2020;
Prov_Concepción;27870;27870;;687;;;;12/14/2020;
Prov_Biobío;8198;8198;;134;;;;12/14/2020;
Prov_Arauco;4680;4680;;107;;;;12/14/2020;
Prov_Concepción;28034;28034;;690;;;;12/15/2020;
Prov_Biobío;8285;8285;;136;;;;12/15/2020;
Prov_Arauco;4700;4700;;110;;;;12/15/2020;
Prov_Concepción;28272;28272;;693;;;;12/16/2020;
Prov_Biobío;8397;8397;;137;;;;12/16/2020;
Prov_Arauco;4752;4752;;112;;;;12/16/2020;
Prov_Concepción;28559;28559;;698;;;;12/17/2020;
Prov_Biobío;8528;8528;;141;;;;12/17/2020;
Prov_Arauco;4822;4822;;112;;;;12/17/2020;
Prov_Concepción;28806;28806;;706;;;;12/18/2020;
Prov_Biobío;8648;8648;;142;;;;12/18/2020;
Prov_Arauco;4869;4869;;112;;;;12/18/2020;
Prov_Concepción;29041;29041;;712;;;;12/19/2020;
Prov_Biobío;8753;8753;;142;;;;12/19/2020;
Prov_Arauco;4930;4930;;113;;;;12/19/2020;
Prov_Concepción;29270;29270;;718;;;;12/20/2020;
Prov_Biobío;8890;8890;;142;;;;12/20/2020;
Prov_Arauco;4975;4975;;113;;;;12/20/2020;
Prov_Concepción;29397;29397;;722;;;;12/21/2020;
Prov_Biobío;8995;8995;;143;;;;12/21/2020;
Prov_Arauco;4993;4993;;114;;;;12/21/2020;
Prov_Concepción;29557;29557;;731;;;;12/22/2020;
Prov_Biobío;9089;9089;;146;;;;12/22/2020;
Prov_Arauco;5017;5017;;115;;;;12/22/2020;
Prov_Concepción;29779;29779;;732;;;;12/23/2020;
Prov_Biobío;9214;9214;;149;;;;12/23/2020;
Prov_Arauco;5111;5111;;118;;;;12/23/2020;
Prov_Concepción;30041;30041;;734;;;;12/24/2020;
Prov_Biobío;9319;9319;;151;;;;12/24/2020;
Prov_Arauco;5162;5162;;121;;;;12/24/2020;
Prov_Concepción;30329;30329;;739;;;;12/25/2020;
Prov_Biobío;9394;9394;;153;;;;12/25/2020;
Prov_Arauco;5222;5222;;121;;;;12/25/2020;
Prov_Concepción;30511;30511;;747;;;;12/26/2020;
Prov_Biobío;9450;9450;;159;;;;12/26/2020;
Prov_Arauco;5268;5268;;121;;;;12/26/2020;
Prov_Concepción;30641;30641;;750;;;;12/27/2020;
Prov_Biobío;9510;9510;;161;;;;12/27/2020;
Prov_Arauco;5301;5301;;121;;;;12/27/2020;
Prov_Concepción;30825;30825;;752;;;;12/28/2020;
Prov_Biobío;9586;9586;;165;;;;12/28/2020;
Prov_Arauco;5340;5340;;121;;;;12/28/2020;
Prov_Concepción;31056;31056;;759;;;;12/29/2020;
Prov_Biobío;9650;9650;;165;;;;12/29/2020;
Prov_Arauco;5377;5377;;122;;;;12/29/2020;
Prov_Concepción;31460;31460;;763;;;;12/30/2020;
Prov_Biobío;9748;9748;;165;;;;12/30/2020;
Prov_Arauco;5478;5478;;122;;;;12/30/2020;
Prov_Concepción;31801;31801;;769;;;;12/31/2020;
Prov_Biobío;9858;9858;;166;;;;12/31/2020;
Prov_Arauco;5532;5532;;123;;;;12/31/2020;
Prov_Concepción;32135;32135;;776;;;;1/1/2021;
Prov_Biobío;9915;9915;;167;;;;1/1/2021;
Prov_Arauco;5624;5624;;124;;;;1/1/2021;
Prov_Concepción;32359;32359;;783;;;;1/2/2021;
Prov_Biobío;10001;10001;;170;;;;1/2/2021;
Prov_Arauco;5653;5653;;127;;;;1/2/2021;
Prov_Concepción;32491;32491;;791;;;;1/3/2021;
Prov_Biobío;10032;10032;;173;;;;1/3/2021;
Prov_Arauco;5689;5689;;128;;;;1/3/2021;
Prov_Concepción;32703;32703;;801;;;;1/4/2021;
Prov_Biobío;10100;10100;;175;;;;1/4/2021;
Prov_Arauco;5717;5717;;128;;;;1/4/2021;
Prov_Concepción;32884;32884;;811;;;;1/5/2021;
Prov_Biobío;10143;10143;;176;;;;1/5/2021;
Prov_Arauco;5775;5775;;128;;;;1/5/2021;
Prov_Concepción;33278;33278;;823;;;;1/6/2021;
Prov_Biobío;10253;10253;;177;;;;1/6/2021;
Prov_Arauco;5848;5848;;133;;;;1/6/2021;
Prov_Concepción;33640;33640;;832;;;;1/7/2021;
Prov_Biobío;10338;10338;;179;;;;1/7/2021;
Prov_Arauco;5889;5889;;133;;;;1/7/2021;
Prov_Concepción;34055;34055;;839;;;;1/8/2021;
Prov_Biobío;10404;10404;;182;;;;1/8/2021;
Prov_Arauco;5971;5971;;133;;;;1/8/2021;
Prov_Concepción;34399;34399;;844;;;;1/9/2021;
Prov_Biobío;10504;10504;;187;;;;1/9/2021;
Prov_Arauco;6034;6034;;135;;;;1/9/2021;
Prov_Concepción;34750;34750;;851;;;;1/10/2021;
Prov_Biobío;10618;10618;;188;;;;1/10/2021;
Prov_Arauco;6095;6095;;137;;;;1/10/2021;
Prov_Concepción;34990;34990;;858;;;;1/11/2021;
Prov_Biobío;10662;10662;;190;;;;1/11/2021;
Prov_Arauco;6142;6142;;139;;;;1/11/2021;
Prov_Concepción;35197;35197;;866;;;;1/12/2021;
Prov_Biobío;10717;10717;;192;;;;1/12/2021;
Prov_Arauco;6182;6182;;141;;;;1/12/2021;
Prov_Concepción;35527;35527;;876;;;;1/13/2021;
Prov_Biobío;10822;10822;;192;;;;1/13/2021;
Prov_Arauco;6246;6246;;142;;;;1/13/2021;
Prov_Concepción;35960;35960;;888;;;;1/14/2021;
Prov_Biobío;10923;10923;;194;;;;1/14/2021;
Prov_Arauco;6311;6311;;144;;;;1/14/2021;
Prov_Concepción;36308;36308;;899;;;;1/15/2021;
Prov_Biobío;10990;10990;;194;;;;1/15/2021;
Prov_Arauco;6413;6413;;147;;;;1/15/2021;
Prov_Concepción;36582;36582;;905;;;;1/16/2021;
Prov_Biobío;11100;11100;;197;;;;1/16/2021;
Prov_Arauco;6468;6468;;147;;;;1/16/2021;
Prov_Concepción;36834;36834;;916;;;;1/17/2021;
Prov_Biobío;11190;11190;;198;;;;1/17/2021;
Prov_Arauco;6557;6557;;148;;;;1/17/2021;
Prov_Concepción;37089;37089;;924;;;;1/18/2021;
Prov_Biobío;11256;11256;;199;;;;1/18/2021;
Prov_Arauco;6624;6624;;148;;;;1/18/2021;
Prov_Concepción;37310;37310;;938;;;;1/19/2021;
Prov_Biobío;11347;11347;;201;;;;1/19/2021;
Prov_Arauco;6658;6658;;151;;;;1/19/2021;
Prov_Concepción;37665;37665;;942;;;;1/20/2021;
Prov_Biobío;11452;11452;;204;;;;1/20/2021;
Prov_Arauco;6720;6720;;155;;;;1/20/2021;
Prov_Concepción;38016;38016;;947;;;;1/21/2021;
Prov_Biobío;11581;11581;;205;;;;1/21/2021;
Prov_Arauco;6818;6818;;156;;;;1/21/2021;
Prov_Concepción;38384;38384;;958;;;;1/22/2021;
Prov_Biobío;11696;11696;;206;;;;1/22/2021;
Prov_Arauco;6906;6906;;160;;;;1/22/2021;
Prov_Concepción;38696;38696;;966;;;;1/23/2021;
Prov_Biobío;11782;11782;;211;;;;1/23/2021;
Prov_Arauco;6954;6954;;162;;;;1/23/2021;
Prov_Concepción;38981;38981;;976;;;;1/24/2021;
Prov_Biobío;11873;11873;;214;;;;1/24/2021;
Prov_Arauco;7032;7032;;165;;;;1/24/2021;
Prov_Concepción;39158;39158;;981;;;;1/25/2021;
Prov_Biobío;11923;11923;;214;;;;1/25/2021;
Prov_Arauco;7070;7070;;165;;;;1/25/2021;
Prov_Concepción;39358;39358;;;;;;1/26/2021;
Prov_Biobío;11983;11983;;;;;;1/26/2021;
Prov_Arauco;7091;7091;;;;;;1/26/2021;
Prov_Concepción;39701;39701;;;;;;1/27/2021;
Prov_Biobío;12065;12065;;;;;;1/27/2021;
Prov_Arauco;7171;7171;;;;;;1/27/2021;
Prov_Concepción;39961;39961;;;;;;1/28/2021;
Prov_Biobío;12162;12162;;;;;;1/28/2021;
Prov_Arauco;7241;7241;;;;;;1/28/2021;
Prov_Concepción;40209;40209;;;;;;1/29/2021;
Prov_Biobío;12234;12234;;;;;;1/29/2021;
Prov_Arauco;7306;7306;;;;;;1/29/2021;
Prov_Concepción;40545;40545;;;;;;1/30/2021;
Prov_Biobío;12331;12331;;;;;;1/30/2021;
Prov_Arauco;7374;7374;;;;;;1/30/2021;