Region,Contagiados con Atraso,Contagiados,Muertes,Muertes_DEIS,Recuperados,Infectados_Actuales,UCI,Fecha,Total_Contagiados
Diguillín,53,53,0,0,0,0,0,3/20/2020,
Itata,0,0,0,0,0,0,0,3/20/2020,
Punilla,4,4,0,0,0,0,0,3/20/2020,
Diguillín,59,59,,0,,,,3/21/2020,
Itata,0,0,,0,,,,3/21/2020,
Punilla,7,7,,0,,,,3/21/2020,
Diguillín,85,85,,0,,,,3/22/2020,
Itata,0,0,,0,,,,3/22/2020,
Punilla,8,8,,0,,,,3/22/2020,
Diguillín,96,96,,0,,,,3/23/2020,
Itata,0,0,,0,,,,3/23/2020,
Punilla,11,11,,0,,,,3/23/2020,
Diguillín,101,101,,0,,,,3/24/2020,
Itata,0,0,,0,,,,3/24/2020,
Punilla,12,12,,0,,,,3/24/2020,
Diguillín,108,108,,0,,,,3/25/2020,
Itata,1,1,,0,,,,3/25/2020,
Punilla,12,12,,0,,,,3/25/2020,
Diguillín,136,136,,0,,,,3/26/2020,
Itata,1,1,,0,,,,3/26/2020,
Punilla,13,13,,0,,,,3/26/2020,
Diguillín,167,167,,0,,,,3/27/2020,
Itata,1,1,,0,,,,3/27/2020,
Punilla,16,16,,1,,,,3/27/2020,
Diguillín,182,182,,0,,,,3/28/2020,
Itata,2,2,,0,,,,3/28/2020,
Punilla,16,16,,1,,,,3/28/2020,
Diguillín,212,212,,0,,,,3/29/2020,
Itata,2,2,,1,,,,3/29/2020,
Punilla,19,19,,1,,,,3/29/2020,
Diguillín,255,255,,0,,,,3/30/2020,
Itata,3,3,,1,,,,3/30/2020,
Punilla,24,24,,1,,,,3/30/2020,
Diguillín,292,292,,1,,,,3/31/2020,
Itata,4,4,,1,,,,3/31/2020,
Punilla,26,26,,1,,,,3/31/2020,
Diguillín,329,329,,1,,,,4/1/2020,
Itata,6,6,,1,,,,4/1/2020,
Punilla,27,27,,1,,,,4/1/2020,
Diguillín,350,350,,2,,,,4/2/2020,
Itata,8,8,,1,,,,4/2/2020,
Punilla,28,28,,1,,,,4/2/2020,
Diguillín,380,380,,3,,,,4/3/2020,
Itata,10,10,,2,,,,4/3/2020,
Punilla,31,31,,1,,,,4/3/2020,
Diguillín,423,423,,4,,,,4/4/2020,
Itata,13,13,,2,,,,4/4/2020,
Punilla,38,38,,1,,,,4/4/2020,
Diguillín,457,457,,5,,,,4/5/2020,
Itata,16,16,,2,,,,4/5/2020,
Punilla,46,46,,1,,,,4/5/2020,
Diguillín,484,484,,6,,,,4/6/2020,
Itata,16,16,,2,,,,4/6/2020,
Punilla,51,51,,1,,,,4/6/2020,
Diguillín,500,500,,7,,,,4/7/2020,
Itata,20,20,,3,,,,4/7/2020,
Punilla,54,54,,1,,,,4/7/2020,
Diguillín,508,508,,7,,,,4/8/2020,
Itata,20,20,,3,,,,4/8/2020,
Punilla,56,56,,1,,,,4/8/2020,
Diguillín,523,523,,7,,,,4/9/2020,
Itata,20,20,,3,,,,4/9/2020,
Punilla,56,56,,1,,,,4/9/2020,
Diguillín,531,531,,8,,,,4/10/2020,
Itata,20,20,,3,,,,4/10/2020,
Punilla,61,61,,1,,,,4/10/2020,
Diguillín,534,534,,8,,,,4/11/2020,
Itata,20,20,,3,,,,4/11/2020,
Punilla,62,62,,1,,,,4/11/2020,
Diguillín,537,537,,8,,,,4/12/2020,
Itata,20,20,,3,,,,4/12/2020,
Punilla,62,62,,1,,,,4/12/2020,
Diguillín,544,544,,8,,,,4/13/2020,
Itata,21,21,,3,,,,4/13/2020,
Punilla,64,64,,2,,,,4/13/2020,
Diguillín,548,548,,8,,,,4/14/2020,
Itata,21,21,,3,,,,4/14/2020,
Punilla,65,65,,2,,,,4/14/2020,
Diguillín,560,560,,9,,,,4/15/2020,
Itata,21,21,,3,,,,4/15/2020,
Punilla,67,67,,3,,,,4/15/2020,
Diguillín,565,565,,10,,,,4/16/2020,
Itata,22,22,,3,,,,4/16/2020,
Punilla,68,68,,4,,,,4/16/2020,
Diguillín,571,571,,10,,,,4/17/2020,
Itata,22,22,,3,,,,4/17/2020,
Punilla,71,71,,4,,,,4/17/2020,
Diguillín,581,581,,11,,,,4/18/2020,
Itata,22,22,,3,,,,4/18/2020,
Punilla,75,75,,4,,,,4/18/2020,
Diguillín,587,587,,11,,,,4/19/2020,
Itata,22,22,,3,,,,4/19/2020,
Punilla,75,75,,4,,,,4/19/2020,
Diguillín,593,593,,11,,,,4/20/2020,
Itata,22,22,,3,,,,4/20/2020,
Punilla,75,75,,4,,,,4/20/2020,
Diguillín,599,599,,11,,,,4/21/2020,
Itata,22,22,,3,,,,4/21/2020,
Punilla,78,78,,4,,,,4/21/2020,
Diguillín,603,603,,11,,,,4/22/2020,
Itata,22,22,,3,,,,4/22/2020,
Punilla,79,79,,4,,,,4/22/2020,
Diguillín,610,610,,11,,,,4/23/2020,
Itata,22,22,,3,,,,4/23/2020,
Punilla,79,79,,5,,,,4/23/2020,
Diguillín,617,617,,11,,,,4/24/2020,
Itata,22,22,,3,,,,4/24/2020,
Punilla,80,80,,5,,,,4/24/2020,
Diguillín,623,623,,11,,,,4/25/2020,
Itata,22,22,,3,,,,4/25/2020,
Punilla,84,84,,5,,,,4/25/2020,
Diguillín,624,624,,11,,,,4/26/2020,
Itata,22,22,,3,,,,4/26/2020,
Punilla,93,93,,5,,,,4/26/2020,
Diguillín,625,625,,11,,,,4/27/2020,
Itata,22,22,,3,,,,4/27/2020,
Punilla,98,98,,5,,,,4/27/2020,
Diguillín,635,635,,11,,,,4/28/2020,
Itata,22,22,,3,,,,4/28/2020,
Punilla,102,102,,5,,,,4/28/2020,
Diguillín,642,642,,11,,,,4/29/2020,
Itata,22,22,,3,,,,4/29/2020,
Punilla,102,102,,5,,,,4/29/2020,
Diguillín,642,642,,12,,,,4/30/2020,
Itata,22,22,,3,,,,4/30/2020,
Punilla,102,102,,6,,,,4/30/2020,
Diguillín,649,649,,13,,,,5/1/2020,
Itata,22,22,,3,,,,5/1/2020,
Punilla,103,103,,6,,,,5/1/2020,
Diguillín,658,658,,13,,,,5/2/2020,
Itata,22,22,,3,,,,5/2/2020,
Punilla,104,104,,6,,,,5/2/2020,
Diguillín,659,659,,14,,,,5/3/2020,
Itata,22,22,,3,,,,5/3/2020,
Punilla,104,104,,6,,,,5/3/2020,
Diguillín,663,663,,14,,,,5/4/2020,
Itata,22,22,,3,,,,5/4/2020,
Punilla,104,104,,6,,,,5/4/2020,
Diguillín,664,664,,15,,,,5/5/2020,
Itata,22,22,,3,,,,5/5/2020,
Punilla,105,105,,6,,,,5/5/2020,
Diguillín,666,666,,16,,,,5/6/2020,
Itata,22,22,,3,,,,5/6/2020,
Punilla,105,105,,6,,,,5/6/2020,
Diguillín,667,667,,16,,,,5/7/2020,
Itata,22,22,,3,,,,5/7/2020,
Punilla,105,105,,6,,,,5/7/2020,
Diguillín,673,673,,16,,,,5/8/2020,
Itata,22,22,,3,,,,5/8/2020,
Punilla,106,106,,6,,,,5/8/2020,
Diguillín,680,680,,16,,,,5/9/2020,
Itata,23,23,,3,,,,5/9/2020,
Punilla,107,107,,6,,,,5/9/2020,
Diguillín,688,688,,16,,,,5/10/2020,
Itata,27,27,,3,,,,5/10/2020,
Punilla,110,110,,6,,,,5/10/2020,
Diguillín,700,700,,16,,,,5/11/2020,
Itata,27,27,,3,,,,5/11/2020,
Punilla,110,110,,7,,,,5/11/2020,
Diguillín,706,706,,16,,,,5/12/2020,
Itata,27,27,,3,,,,5/12/2020,
Punilla,116,116,,7,,,,5/12/2020,
Diguillín,721,721,,17,,,,5/13/2020,
Itata,31,31,,3,,,,5/13/2020,
Punilla,116,116,,7,,,,5/13/2020,
Diguillín,745,745,,17,,,,5/14/2020,
Itata,35,35,,3,,,,5/14/2020,
Punilla,119,119,,7,,,,5/14/2020,
Diguillín,777,777,,17,,,,5/15/2020,
Itata,36,36,,3,,,,5/15/2020,
Punilla,121,121,,8,,,,5/15/2020,
Diguillín,822,822,,18,,,,5/16/2020,
Itata,40,40,,3,,,,5/16/2020,
Punilla,126,126,,8,,,,5/16/2020,
Diguillín,831,831,,18,,,,5/17/2020,
Itata,40,40,,3,,,,5/17/2020,
Punilla,127,127,,8,,,,5/17/2020,
Diguillín,832,832,,18,,,,5/18/2020,
Itata,42,42,,3,,,,5/18/2020,
Punilla,127,127,,8,,,,5/18/2020,
Diguillín,853,853,,18,,,,5/19/2020,
Itata,43,43,,3,,,,5/19/2020,
Punilla,130,130,,8,,,,5/19/2020,
Diguillín,856,856,,18,,,,5/20/2020,
Itata,43,43,,3,,,,5/20/2020,
Punilla,133,133,,8,,,,5/20/2020,
Diguillín,860,860,,18,,,,5/21/2020,
Itata,44,44,,3,,,,5/21/2020,
Punilla,134,134,,8,,,,5/21/2020,
Diguillín,906,906,,18,,,,5/22/2020,
Itata,44,44,,3,,,,5/22/2020,
Punilla,143,143,,8,,,,5/22/2020,
Diguillín,926,926,,18,,,,5/23/2020,
Itata,44,44,,3,,,,5/23/2020,
Punilla,145,145,,8,,,,5/23/2020,
Diguillín,954,954,,18,,,,5/24/2020,
Itata,46,46,,3,,,,5/24/2020,
Punilla,150,150,,8,,,,5/24/2020,
Diguillín,962,962,,19,,,,5/25/2020,
Itata,46,46,,3,,,,5/25/2020,
Punilla,150,150,,8,,,,5/25/2020,
Diguillín,979,979,,20,,,,5/26/2020,
Itata,55,55,,3,,,,5/26/2020,
Punilla,151,151,,8,,,,5/26/2020,
Diguillín,1002,1002,,20,,,,5/27/2020,
Itata,56,56,,3,,,,5/27/2020,
Punilla,161,161,,8,,,,5/27/2020,
Diguillín,1032,1032,,20,,,,5/28/2020,
Itata,60,60,,3,,,,5/28/2020,
Punilla,165,165,,8,,,,5/28/2020,
Diguillín,1040,1040,,21,,,,5/29/2020,
Itata,64,64,,3,,,,5/29/2020,
Punilla,167,167,,8,,,,5/29/2020,
Diguillín,1067,1067,,21,,,,5/30/2020,
Itata,67,67,,4,,,,5/30/2020,
Punilla,170,170,,8,,,,5/30/2020,
Diguillín,1084,1084,,21,,,,5/31/2020,
Itata,70,70,,4,,,,5/31/2020,
Punilla,173,173,,8,,,,5/31/2020,
Diguillín,1088,1088,,21,,,,6/1/2020,
Itata,70,70,,4,,,,6/1/2020,
Punilla,185,185,,9,,,,6/1/2020,
Diguillín,1106,1106,,22,,,,6/2/2020,
Itata,70,70,,4,,,,6/2/2020,
Punilla,190,190,,9,,,,6/2/2020,
Diguillín,1137,1137,,22,,,,6/3/2020,
Itata,72,72,,4,,,,6/3/2020,
Punilla,201,201,,9,,,,6/3/2020,
Diguillín,1159,1159,,22,,,,6/4/2020,
Itata,74,74,,4,,,,6/4/2020,
Punilla,206,206,,9,,,,6/4/2020,
Diguillín,1192,1192,,23,,,,6/5/2020,
Itata,76,76,,4,,,,6/5/2020,
Punilla,212,212,,10,,,,6/5/2020,
Diguillín,1203,1203,,23,,,,6/6/2020,
Itata,77,77,,5,,,,6/6/2020,
Punilla,228,228,,10,,,,6/6/2020,
Diguillín,1250,1250,,23,,,,6/7/2020,
Itata,79,79,,5,,,,6/7/2020,
Punilla,241,241,,10,,,,6/7/2020,
Diguillín,1271,1271,,24,,,,6/8/2020,
Itata,81,81,,6,,,,6/8/2020,
Punilla,250,250,,10,,,,6/8/2020,
Diguillín,1288,1288,,25,,,,6/9/2020,
Itata,84,84,,6,,,,6/9/2020,
Punilla,259,259,,10,,,,6/9/2020,
Diguillín,1337,1337,,25,,,,6/10/2020,
Itata,87,87,,6,,,,6/10/2020,
Punilla,272,272,,10,,,,6/10/2020,
Diguillín,1361,1361,,26,,,,6/11/2020,
Itata,90,90,,6,,,,6/11/2020,
Punilla,288,288,,12,,,,6/11/2020,
Diguillín,1373,1373,,26,,,,6/12/2020,
Itata,90,90,,6,,,,6/12/2020,
Punilla,297,297,,12,,,,6/12/2020,
Diguillín,1409,1409,,26,,,,6/13/2020,
Itata,90,90,,6,,,,6/13/2020,
Punilla,303,303,,12,,,,6/13/2020,
Diguillín,1451,1451,,28,,,,6/14/2020,
Itata,93,93,,6,,,,6/14/2020,
Punilla,322,322,,12,,,,6/14/2020,
Diguillín,1456,1456,,28,,,,6/15/2020,
Itata,93,93,,6,,,,6/15/2020,
Punilla,324,324,,12,,,,6/15/2020,
Diguillín,1505,1505,,29,,,,6/16/2020,
Itata,95,95,,6,,,,6/16/2020,
Punilla,329,329,,12,,,,6/16/2020,
Diguillín,1541,1541,,30,,,,6/17/2020,
Itata,95,95,,6,,,,6/17/2020,
Punilla,338,338,,12,,,,6/17/2020,
Diguillín,1626,1626,,32,,,,6/18/2020,
Itata,110,110,,6,,,,6/18/2020,
Punilla,357,357,,12,,,,6/18/2020,
Diguillín,1654,1654,,32,,,,6/19/2020,
Itata,110,110,,6,,,,6/19/2020,
Punilla,371,371,,12,,,,6/19/2020,
Diguillín,1674,1674,,32,,,,6/20/2020,
Itata,110,110,,7,,,,6/20/2020,
Punilla,374,374,,12,,,,6/20/2020,
Diguillín,1693,1693,,35,,,,6/21/2020,
Itata,112,112,,7,,,,6/21/2020,
Punilla,376,376,,12,,,,6/21/2020,
Diguillín,1705,1705,,36,,,,6/22/2020,
Itata,117,117,,7,,,,6/22/2020,
Punilla,385,385,,12,,,,6/22/2020,
Diguillín,1724,1724,,37,,,,6/23/2020,
Itata,118,118,,7,,,,6/23/2020,
Punilla,390,390,,13,,,,6/23/2020,
Diguillín,1734,1734,,37,,,,6/24/2020,
Itata,118,118,,7,,,,6/24/2020,
Punilla,395,395,,13,,,,6/24/2020,
Diguillín,1762,1762,,37,,,,6/25/2020,
Itata,119,119,,7,,,,6/25/2020,
Punilla,408,408,,14,,,,6/25/2020,
Diguillín,1791,1791,,37,,,,6/26/2020,
Itata,120,120,,8,,,,6/26/2020,
Punilla,419,419,,14,,,,6/26/2020,
Diguillín,1829,1829,,38,,,,6/27/2020,
Itata,122,122,,9,,,,6/27/2020,
Punilla,424,424,,14,,,,6/27/2020,
Diguillín,1845,1845,,38,,,,6/28/2020,
Itata,124,124,,9,,,,6/28/2020,
Punilla,426,426,,14,,,,6/28/2020,
Diguillín,1852,1852,,38,,,,6/29/2020,
Itata,124,124,,9,,,,6/29/2020,
Punilla,433,433,,14,,,,6/29/2020,
Diguillín,1864,1864,,38,,,,6/30/2020,
Itata,124,124,,9,,,,6/30/2020,
Punilla,436,436,,14,,,,6/30/2020,
Diguillín,1888,1888,,40,,,,7/1/2020,
Itata,124,124,,9,,,,7/1/2020,
Punilla,443,443,,14,,,,7/1/2020,
Diguillín,1921,1921,,40,,,,7/2/2020,
Itata,125,125,,10,,,,7/2/2020,
Punilla,452,452,,15,,,,7/2/2020,
Diguillín,1945,1945,,42,,,,7/3/2020,
Itata,127,127,,10,,,,7/3/2020,
Punilla,465,465,,15,,,,7/3/2020,
Diguillín,1979,1979,,42,,,,7/4/2020,
Itata,127,127,,11,,,,7/4/2020,
Punilla,477,477,,16,,,,7/4/2020,
Diguillín,2001,2001,,42,,,,7/5/2020,
Itata,127,127,,11,,,,7/5/2020,
Punilla,497,497,,16,,,,7/5/2020,
Diguillín,2012,2012,,43,,,,7/6/2020,
Itata,128,128,,11,,,,7/6/2020,
Punilla,508,508,,17,,,,7/6/2020,
Diguillín,2050,2050,,44,,,,7/7/2020,
Itata,130,130,,12,,,,7/7/2020,
Punilla,522,522,,17,,,,7/7/2020,
Diguillín,2106,2106,,45,,,,7/8/2020,
Itata,136,136,,13,,,,7/8/2020,
Punilla,540,540,,17,,,,7/8/2020,
Diguillín,2150,2150,,47,,,,7/9/2020,
Itata,140,140,,13,,,,7/9/2020,
Punilla,558,558,,17,,,,7/9/2020,
Diguillín,2199,2199,,47,,,,7/10/2020,
Itata,142,142,,13,,,,7/10/2020,
Punilla,578,578,,17,,,,7/10/2020,
Diguillín,2243,2243,,47,,,,7/11/2020,
Itata,146,146,,13,,,,7/11/2020,
Punilla,586,586,,17,,,,7/11/2020,
Diguillín,2261,2261,,47,,,,7/12/2020,
Itata,146,146,,13,,,,7/12/2020,
Punilla,592,592,,17,,,,7/12/2020,
Diguillín,2273,2273,,48,,,,7/13/2020,
Itata,147,147,,13,,,,7/13/2020,
Punilla,603,603,,17,,,,7/13/2020,
Diguillín,2286,2286,,50,,,,7/14/2020,
Itata,148,148,,13,,,,7/14/2020,
Punilla,609,609,,17,,,,7/14/2020,
Diguillín,2325,2325,,51,,,,7/15/2020,
Itata,152,152,,13,,,,7/15/2020,
Punilla,624,624,,17,,,,7/15/2020,
Diguillín,2339,2339,,51,,,,7/16/2020,
Itata,153,153,,14,,,,7/16/2020,
Punilla,624,624,,17,,,,7/16/2020,
Diguillín,2404,2404,,52,,,,7/17/2020,
Itata,158,158,,14,,,,7/17/2020,
Punilla,652,652,,17,,,,7/17/2020,
Diguillín,2426,2426,,52,,,,7/18/2020,
Itata,159,159,,14,,,,7/18/2020,
Punilla,656,656,,18,,,,7/18/2020,
Diguillín,2448,2448,,54,,,,7/19/2020,
Itata,162,162,,14,,,,7/19/2020,
Punilla,659,659,,18,,,,7/19/2020,
Diguillín,2457,2457,,56,,,,7/20/2020,
Itata,165,165,,14,,,,7/20/2020,
Punilla,669,669,,18,,,,7/20/2020,
Diguillín,2465,2465,,57,,,,7/21/2020,
Itata,165,165,,14,,,,7/21/2020,
Punilla,674,674,,18,,,,7/21/2020,
Diguillín,2489,2489,,58,,,,7/22/2020,
Itata,167,167,,14,,,,7/22/2020,
Punilla,683,683,,18,,,,7/22/2020,
Diguillín,2508,2508,,58,,,,7/23/2020,
Itata,169,169,,14,,,,7/23/2020,
Punilla,689,689,,18,,,,7/23/2020,
Diguillín,2522,2522,,59,,,,7/24/2020,
Itata,169,169,,14,,,,7/24/2020,
Punilla,696,696,,19,,,,7/24/2020,
Diguillín,2528,2528,,59,,,,7/25/2020,
Itata,169,169,,14,,,,7/25/2020,
Punilla,698,698,,20,,,,7/25/2020,
Diguillín,2568,2568,,59,,,,7/26/2020,
Itata,178,178,,14,,,,7/26/2020,
Punilla,707,707,,20,,,,7/26/2020,
Diguillín,2575,2575,,61,,,,7/27/2020,
Itata,182,182,,14,,,,7/27/2020,
Punilla,709,709,,21,,,,7/27/2020,
Diguillín,2598,2598,,61,,,,7/28/2020,
Itata,185,185,,14,,,,7/28/2020,
Punilla,714,714,,21,,,,7/28/2020,
Diguillín,2614,2614,,62,,,,7/29/2020,
Itata,185,185,,15,,,,7/29/2020,
Punilla,722,722,,21,,,,7/29/2020,
Diguillín,2627,2627,,62,,,,7/30/2020,
Itata,190,190,,15,,,,7/30/2020,
Punilla,727,727,,21,,,,7/30/2020,
Diguillín,2648,2648,,62,,,,7/31/2020,
Itata,193,193,,15,,,,7/31/2020,
Punilla,730,730,,21,,,,7/31/2020,
Diguillín,2669,2669,,62,,,,8/1/2020,
Itata,195,195,,16,,,,8/1/2020,
Punilla,734,734,,21,,,,8/1/2020,
Diguillín,2681,2681,,63,,,,8/2/2020,
Itata,195,195,,16,,,,8/2/2020,
Punilla,742,742,,21,,,,8/2/2020,
Diguillín,2686,2686,,65,,,,8/3/2020,
Itata,195,195,,16,,,,8/3/2020,
Punilla,751,751,,22,,,,8/3/2020,
Diguillín,2711,2711,,66,,,,8/4/2020,
Itata,196,196,,16,,,,8/4/2020,
Punilla,753,753,,22,,,,8/4/2020,
Diguillín,2724,2724,,66,,,,8/5/2020,
Itata,196,196,,16,,,,8/5/2020,
Punilla,753,753,,22,,,,8/5/2020,
Diguillín,2765,2765,,66,,,,8/6/2020,
Itata,198,198,,18,,,,8/6/2020,
Punilla,756,756,,22,,,,8/6/2020,
Diguillín,2799,2799,,66,,,,8/7/2020,
Itata,206,206,,18,,,,8/7/2020,
Punilla,764,764,,22,,,,8/7/2020,
Diguillín,2825,2825,,67,,,,8/8/2020,
Itata,207,207,,18,,,,8/8/2020,
Punilla,770,770,,22,,,,8/8/2020,
Diguillín,2847,2847,,68,,,,8/9/2020,
Itata,217,217,,18,,,,8/9/2020,
Punilla,776,776,,22,,,,8/9/2020,
Diguillín,2862,2862,,69,,,,8/10/2020,
Itata,219,219,,18,,,,8/10/2020,
Punilla,779,779,,22,,,,8/10/2020,
Diguillín,2880,2880,,71,,,,8/11/2020,
Itata,222,222,,18,,,,8/11/2020,
Punilla,795,795,,22,,,,8/11/2020,
Diguillín,2894,2894,,71,,,,8/12/2020,
Itata,230,230,,18,,,,8/12/2020,
Punilla,803,803,,22,,,,8/12/2020,
Diguillín,2908,2908,,71,,,,8/13/2020,
Itata,245,245,,18,,,,8/13/2020,
Punilla,804,804,,22,,,,8/13/2020,
Diguillín,2917,2917,,71,,,,8/14/2020,
Itata,245,245,,18,,,,8/14/2020,
Punilla,805,805,,22,,,,8/14/2020,
Diguillín,2925,2925,,71,,,,8/15/2020,
Itata,246,246,,18,,,,8/15/2020,
Punilla,807,807,,22,,,,8/15/2020,
Diguillín,2943,2943,,71,,,,8/16/2020,
Itata,250,250,,19,,,,8/16/2020,
Punilla,819,819,,22,,,,8/16/2020,
Diguillín,2970,2970,,71,,,,8/17/2020,
Itata,250,250,,19,,,,8/17/2020,
Punilla,823,823,,23,,,,8/17/2020,
Diguillín,2992,2992,,71,,,,8/18/2020,
Itata,252,252,,19,,,,8/18/2020,
Punilla,827,827,,24,,,,8/18/2020,
Diguillín,3022,3022,,71,,,,8/19/2020,
Itata,261,261,,19,,,,8/19/2020,
Punilla,832,832,,24,,,,8/19/2020,
Diguillín,3055,3055,,71,,,,8/20/2020,
Itata,262,262,,20,,,,8/20/2020,
Punilla,838,838,,24,,,,8/20/2020,
Diguillín,3103,3103,,71,,,,8/21/2020,
Itata,262,262,,20,,,,8/21/2020,
Punilla,855,855,,25,,,,8/21/2020,
Diguillín,3135,3135,,71,,,,8/22/2020,
Itata,262,262,,21,,,,8/22/2020,
Punilla,862,862,,25,,,,8/22/2020,
Diguillín,3178,3178,,71,,,,8/23/2020,
Itata,265,265,,21,,,,8/23/2020,
Punilla,875,875,,25,,,,8/23/2020,
Diguillín,3209,3209,,71,,,,8/24/2020,
Itata,265,265,,21,,,,8/24/2020,
Punilla,884,884,,25,,,,8/24/2020,
Diguillín,3260,3260,,72,,,,8/25/2020,
Itata,266,266,,21,,,,8/25/2020,
Punilla,901,901,,25,,,,8/25/2020,
Diguillín,3304,3304,,72,,,,8/26/2020,
Itata,270,270,,21,,,,8/26/2020,
Punilla,905,905,,25,,,,8/26/2020,
Diguillín,3373,3373,,72,,,,8/27/2020,
Itata,275,275,,21,,,,8/27/2020,
Punilla,919,919,,25,,,,8/27/2020,
Diguillín,3437,3437,,73,,,,8/28/2020,
Itata,280,280,,21,,,,8/28/2020,
Punilla,938,938,,25,,,,8/28/2020,
Diguillín,3484,3484,,74,,,,8/29/2020,
Itata,283,283,,21,,,,8/29/2020,
Punilla,946,946,,25,,,,8/29/2020,
Diguillín,3549,3549,,75,,,,8/30/2020,
Itata,291,291,,21,,,,8/30/2020,
Punilla,952,952,,26,,,,8/30/2020,
Diguillín,3574,3574,,75,,,,8/31/2020,
Itata,291,291,,21,,,,8/31/2020,
Punilla,952,952,,27,,,,8/31/2020,
Diguillín,3594,3594,,77,,,,9/1/2020,
Itata,297,297,,21,,,,9/1/2020,
Punilla,955,955,,27,,,,9/1/2020,
Diguillín,3633,3633,,78,,,,9/2/2020,
Itata,298,298,,21,,,,9/2/2020,
Punilla,963,963,,27,,,,9/2/2020,
Diguillín,3706,3706,,79,,,,9/3/2020,
Itata,309,309,,21,,,,9/3/2020,
Punilla,972,972,,27,,,,9/3/2020,
Diguillín,3748,3748,,80,,,,9/4/2020,
Itata,316,316,,21,,,,9/4/2020,
Punilla,974,974,,27,,,,9/4/2020,
Diguillín,3820,3820,,80,,,,9/5/2020,
Itata,332,332,,21,,,,9/5/2020,
Punilla,981,981,,28,,,,9/5/2020,
Diguillín,3889,3889,,80,,,,9/6/2020,
Itata,335,335,,21,,,,9/6/2020,
Punilla,990,990,,29,,,,9/6/2020,
Diguillín,3914,3914,,82,,,,9/7/2020,
Itata,336,336,,21,,,,9/7/2020,
Punilla,994,994,,30,,,,9/7/2020,
Diguillín,3941,3941,,83,,,,9/8/2020,
Itata,343,343,,23,,,,9/8/2020,
Punilla,1003,1003,,30,,,,9/8/2020,
Diguillín,3998,3998,,85,,,,9/9/2020,
Itata,359,359,,23,,,,9/9/2020,
Punilla,1020,1020,,30,,,,9/9/2020,
Diguillín,4064,4064,,85,,,,9/10/2020,
Itata,361,361,,23,,,,9/10/2020,
Punilla,1041,1041,,31,,,,9/10/2020,
Diguillín,4135,4135,,88,,,,9/11/2020,
Itata,380,380,,23,,,,9/11/2020,
Punilla,1055,1055,,31,,,,9/11/2020,
Diguillín,4181,4181,,92,,,,9/12/2020,
Itata,388,388,,23,,,,9/12/2020,
Punilla,1073,1073,,31,,,,9/12/2020,
Diguillín,4211,4211,,93,,,,9/13/2020,
Itata,392,392,,23,,,,9/13/2020,
Punilla,1095,1095,,31,,,,9/13/2020,
Diguillín,4228,4228,,93,,,,9/14/2020,
Itata,392,392,,23,,,,9/14/2020,
Punilla,1104,1104,,31,,,,9/14/2020,
Diguillín,4279,4279,,94,,,,9/15/2020,
Itata,394,394,,24,,,,9/15/2020,
Punilla,1115,1115,,31,,,,9/15/2020,
Diguillín,4332,4332,,96,,,,9/16/2020,
Itata,398,398,,25,,,,9/16/2020,
Punilla,1120,1120,,31,,,,9/16/2020,
Diguillín,4360,4360,,98,,,,9/17/2020,
Itata,407,407,,27,,,,9/17/2020,
Punilla,1136,1136,,32,,,,9/17/2020,
Diguillín,4420,4420,,98,,,,9/18/2020,
Itata,415,415,,28,,,,9/18/2020,
Punilla,1147,1147,,32,,,,9/18/2020,
Diguillín,4430,4430,,99,,,,9/19/2020,
Itata,423,423,,29,,,,9/19/2020,
Punilla,1162,1162,,32,,,,9/19/2020,
Diguillín,4445,4445,,100,,,,9/20/2020,
Itata,423,423,,29,,,,9/20/2020,
Punilla,1173,1173,,32,,,,9/20/2020,
Diguillín,4461,4461,,101,,,,9/21/2020,
Itata,423,423,,29,,,,9/21/2020,
Punilla,1180,1180,,32,,,,9/21/2020,
Diguillín,4495,4495,,102,,,,9/22/2020,
Itata,425,425,,29,,,,9/22/2020,
Punilla,1186,1186,,32,,,,9/22/2020,
Diguillín,4529,4529,,102,,,,9/23/2020,
Itata,430,430,,29,,,,9/23/2020,
Punilla,1204,1204,,32,,,,9/23/2020,
Diguillín,4576,4576,,103,,,,9/24/2020,
Itata,436,436,,29,,,,9/24/2020,
Punilla,1229,1229,,32,,,,9/24/2020,
Diguillín,4608,4608,,104,,,,9/25/2020,
Itata,440,440,,29,,,,9/25/2020,
Punilla,1254,1254,,32,,,,9/25/2020,
Diguillín,4634,4634,,105,,,,9/26/2020,
Itata,447,447,,30,,,,9/26/2020,
Punilla,1262,1262,,32,,,,9/26/2020,
Diguillín,4649,4649,,108,,,,9/27/2020,
Itata,451,451,,30,,,,9/27/2020,
Punilla,1287,1287,,33,,,,9/27/2020,
Diguillín,4659,4659,,108,,,,9/28/2020,
Itata,460,460,,30,,,,9/28/2020,
Punilla,1288,1288,,33,,,,9/28/2020,
Diguillín,4693,4693,,109,,,,9/29/2020,
Itata,461,461,,30,,,,9/29/2020,
Punilla,1302,1302,,33,,,,9/29/2020,
Diguillín,4729,4729,,109,,,,9/30/2020,
Itata,477,477,,30,,,,9/30/2020,
Punilla,1314,1314,,34,,,,9/30/2020,
Diguillín,4745,4745,,111,,,,10/1/2020,
Itata,485,485,,30,,,,10/1/2020,
Punilla,1323,1323,,34,,,,10/1/2020,
Diguillín,4764,4764,,111,,,,10/2/2020,
Itata,488,488,,31,,,,10/2/2020,
Punilla,1335,1335,,34,,,,10/2/2020,
Diguillín,4779,4779,,111,,,,10/3/2020,
Itata,493,493,,32,,,,10/3/2020,
Punilla,1339,1339,,34,,,,10/3/2020,
Diguillín,4792,4792,,111,,,,10/4/2020,
Itata,496,496,,33,,,,10/4/2020,
Punilla,1340,1340,,34,,,,10/4/2020,
Diguillín,4805,4805,,112,,,,10/5/2020,
Itata,497,497,,34,,,,10/5/2020,
Punilla,1342,1342,,35,,,,10/5/2020,
Diguillín,4839,4839,,114,,,,10/6/2020,
Itata,498,498,,34,,,,10/6/2020,
Punilla,1353,1353,,35,,,,10/6/2020,
Diguillín,4858,4858,,115,,,,10/7/2020,
Itata,509,509,,35,,,,10/7/2020,
Punilla,1364,1364,,35,,,,10/7/2020,
Diguillín,4873,4873,,115,,,,10/8/2020,
Itata,518,518,,35,,,,10/8/2020,
Punilla,1369,1369,,36,,,,10/8/2020,
Diguillín,4898,4898,,115,,,,10/9/2020,
Itata,524,524,,35,,,,10/9/2020,
Punilla,1378,1378,,37,,,,10/9/2020,
Diguillín,4922,4922,,117,,,,10/10/2020,
Itata,528,528,,35,,,,10/10/2020,
Punilla,1381,1381,,37,,,,10/10/2020,
Diguillín,4950,4950,,118,,,,10/11/2020,
Itata,530,530,,35,,,,10/11/2020,
Punilla,1395,1395,,37,,,,10/11/2020,
Diguillín,4969,4969,,119,,,,10/12/2020,
Itata,532,532,,36,,,,10/12/2020,
Punilla,1402,1402,,38,,,,10/12/2020,
Diguillín,4976,4976,,119,,,,10/13/2020,
Itata,532,532,,36,,,,10/13/2020,
Punilla,1402,1402,,38,,,,10/13/2020,
Diguillín,4991,4991,,119,,,,10/14/2020,
Itata,535,535,,36,,,,10/14/2020,
Punilla,1403,1403,,38,,,,10/14/2020,
Diguillín,5033,5033,,120,,,,10/15/2020,
Itata,537,537,,36,,,,10/15/2020,
Punilla,1407,1407,,38,,,,10/15/2020,
Diguillín,5063,5063,,120,,,,10/16/2020,
Itata,537,537,,36,,,,10/16/2020,
Punilla,1408,1408,,38,,,,10/16/2020,
Diguillín,5100,5100,,120,,,,10/17/2020,
Itata,547,547,,36,,,,10/17/2020,
Punilla,1411,1411,,38,,,,10/17/2020,
Diguillín,5115,5115,,120,,,,10/18/2020,
Itata,549,549,,37,,,,10/18/2020,
Punilla,1411,1411,,39,,,,10/18/2020,
Diguillín,5136,5136,,121,,,,10/19/2020,
Itata,550,550,,37,,,,10/19/2020,
Punilla,1413,1413,,40,,,,10/19/2020,
Diguillín,5166,5166,,121,,,,10/20/2020,
Itata,553,553,,37,,,,10/20/2020,
Punilla,1417,1417,,41,,,,10/20/2020,
Diguillín,5200,5200,,124,,,,10/21/2020,
Itata,563,563,,37,,,,10/21/2020,
Punilla,1428,1428,,41,,,,10/21/2020,
Diguillín,5229,5229,,127,,,,10/22/2020,
Itata,568,568,,37,,,,10/22/2020,
Punilla,1430,1430,,42,,,,10/22/2020,
Diguillín,5250,5250,,127,,,,10/23/2020,
Itata,573,573,,37,,,,10/23/2020,
Punilla,1431,1431,,42,,,,10/23/2020,
Diguillín,5282,5282,,128,,,,10/24/2020,
Itata,579,579,,37,,,,10/24/2020,
Punilla,1432,1432,,42,,,,10/24/2020,
Diguillín,5296,5296,,129,,,,10/25/2020,
Itata,581,581,,37,,,,10/25/2020,
Punilla,1437,1437,,42,,,,10/25/2020,
Diguillín,5310,5310,,130,,,,10/26/2020,
Itata,585,585,,37,,,,10/26/2020,
Punilla,1441,1441,,42,,,,10/26/2020,
Diguillín,5349,5349,,132,,,,10/27/2020,
Itata,586,586,,37,,,,10/27/2020,
Punilla,1445,1445,,42,,,,10/27/2020,
Diguillín,5383,5383,,133,,,,10/28/2020,
Itata,591,591,,37,,,,10/28/2020,
Punilla,1455,1455,,42,,,,10/28/2020,
Diguillín,5429,5429,,133,,,,10/29/2020,
Itata,593,593,,37,,,,10/29/2020,
Punilla,1462,1462,,43,,,,10/29/2020,
Diguillín,5465,5465,,133,,,,10/30/2020,
Itata,604,604,,37,,,,10/30/2020,
Punilla,1467,1467,,43,,,,10/30/2020,
Diguillín,5477,5477,,133,,,,10/31/2020,
Itata,605,605,,37,,,,10/31/2020,
Punilla,1468,1468,,43,,,,10/31/2020,
Diguillín,5512,5512,,134,,,,11/1/2020,
Itata,614,614,,37,,,,11/1/2020,
Punilla,1473,1473,,43,,,,11/1/2020,
Diguillín,5518,5518,,135,,,,11/2/2020,
Itata,615,615,,37,,,,11/2/2020,
Punilla,1475,1475,,43,,,,11/2/2020,
Diguillín,5532,5532,,137,,,,11/3/2020,
Itata,618,618,,37,,,,11/3/2020,
Punilla,1476,1476,,43,,,,11/3/2020,
Diguillín,5555,5555,,138,,,,11/4/2020,
Itata,622,622,,37,,,,11/4/2020,
Punilla,1489,1489,,43,,,,11/4/2020,
Diguillín,5585,5585,,138,,,,11/5/2020,
Itata,625,625,,37,,,,11/5/2020,
Punilla,1493,1493,,43,,,,11/5/2020,
Diguillín,5621,5621,,139,,,,11/6/2020,
Itata,628,628,,37,,,,11/6/2020,
Punilla,1503,1503,,43,,,,11/6/2020,
Diguillín,5645,5645,,139,,,,11/7/2020,
Itata,638,638,,37,,,,11/7/2020,
Punilla,1512,1512,,43,,,,11/7/2020,
Diguillín,5670,5670,,139,,,,11/8/2020,
Itata,645,645,,37,,,,11/8/2020,
Punilla,1519,1519,,44,,,,11/8/2020,
Diguillín,5679,5679,,139,,,,11/9/2020,
Itata,650,650,,37,,,,11/9/2020,
Punilla,1520,1520,,44,,,,11/9/2020,
Diguillín,5723,5723,,139,,,,11/10/2020,
Itata,650,650,,38,,,,11/10/2020,
Punilla,1527,1527,,44,,,,11/10/2020,
Diguillín,5760,5760,,139,,,,11/11/2020,
Itata,657,657,,38,,,,11/11/2020,
Punilla,1532,1532,,44,,,,11/11/2020,
Diguillín,5786,5786,,139,,,,11/12/2020,
Itata,661,661,,38,,,,11/12/2020,
Punilla,1537,1537,,45,,,,11/12/2020,
Diguillín,5818,5818,,140,,,,11/13/2020,
Itata,666,666,,38,,,,11/13/2020,
Punilla,1539,1539,,45,,,,11/13/2020,
Diguillín,5886,5886,,140,,,,11/14/2020,
Itata,669,669,,38,,,,11/14/2020,
Punilla,1553,1553,,45,,,,11/14/2020,
Diguillín,5901,5901,,140,,,,11/15/2020,
Itata,678,678,,38,,,,11/15/2020,
Punilla,1564,1564,,46,,,,11/15/2020,
Diguillín,5923,5923,,141,,,,11/16/2020,
Itata,678,678,,38,,,,11/16/2020,
Punilla,1566,1566,,46,,,,11/16/2020,
Diguillín,5963,5963,,143,,,,11/17/2020,
Itata,680,680,,38,,,,11/17/2020,
Punilla,1570,1570,,46,,,,11/17/2020,
Diguillín,6009,6009,,144,,,,11/18/2020,
Itata,684,684,,38,,,,11/18/2020,
Punilla,1579,1579,,46,,,,11/18/2020,
Diguillín,6051,6051,,144,,,,11/19/2020,
Itata,685,685,,38,,,,11/19/2020,
Punilla,1587,1587,,46,,,,11/19/2020,
Diguillín,6094,6094,,144,,,,11/20/2020,
Itata,686,686,,39,,,,11/20/2020,
Punilla,1608,1608,,48,,,,11/20/2020,
Diguillín,6123,6123,,144,,,,11/21/2020,
Itata,687,687,,39,,,,11/21/2020,
Punilla,1623,1623,,48,,,,11/21/2020,
Diguillín,6164,6164,,145,,,,11/22/2020,
Itata,688,688,,39,,,,11/22/2020,
Punilla,1623,1623,,48,,,,11/22/2020,
Diguillín,6192,6192,,147,,,,11/23/2020,
Itata,688,688,,39,,,,11/23/2020,
Punilla,1624,1624,,48,,,,11/23/2020,
Diguillín,6243,6243,,147,,,,11/24/2020,
Itata,689,689,,39,,,,11/24/2020,
Punilla,1637,1637,,48,,,,11/24/2020,
Diguillín,6282,6282,,148,,,,11/25/2020,
Itata,694,694,,39,,,,11/25/2020,
Punilla,1639,1639,,48,,,,11/25/2020,
Diguillín,6333,6333,,149,,,,11/26/2020,
Itata,694,694,,39,,,,11/26/2020,
Punilla,1652,1652,,48,,,,11/26/2020,
Diguillín,6389,6389,,150,,,,11/27/2020,
Itata,695,695,,39,,,,11/27/2020,
Punilla,1656,1656,,48,,,,11/27/2020,
Diguillín,6435,6435,,150,,,,11/28/2020,
Itata,696,696,,39,,,,11/28/2020,
Punilla,1661,1661,,48,,,,11/28/2020,
Diguillín,6469,6469,,153,,,,11/29/2020,
Itata,696,696,,39,,,,11/29/2020,
Punilla,1670,1670,,48,,,,11/29/2020,
Diguillín,6487,6487,,155,,,,11/30/2020,
Itata,696,696,,39,,,,11/30/2020,
Punilla,1670,1670,,48,,,,11/30/2020,
Diguillín,6546,6546,,155,,,,12/1/2020,
Itata,697,697,,39,,,,12/1/2020,
Punilla,1675,1675,,48,,,,12/1/2020,
Diguillín,6614,6614,,155,,,,12/2/2020,
Itata,699,699,,39,,,,12/2/2020,
Punilla,1682,1682,,48,,,,12/2/2020,
Diguillín,6658,6658,,157,,,,12/3/2020,
Itata,700,700,,39,,,,12/3/2020,
Punilla,1687,1687,,48,,,,12/3/2020,
Diguillín,6708,6708,,159,,,,12/4/2020,
Itata,700,700,,39,,,,12/4/2020,
Punilla,1690,1690,,48,,,,12/4/2020,
Diguillín,6750,6750,,162,,,,12/5/2020,
Itata,703,703,,39,,,,12/5/2020,
Punilla,1691,1691,,48,,,,12/5/2020,
Diguillín,6791,6791,,163,,,,12/6/2020,
Itata,703,703,,39,,,,12/6/2020,
Punilla,1700,1700,,48,,,,12/6/2020,
Diguillín,6816,6816,,163,,,,12/7/2020,
Itata,703,703,,39,,,,12/7/2020,
Punilla,1703,1703,,48,,,,12/7/2020,
Diguillín,6880,6880,,163,,,,12/8/2020,
Itata,706,706,,39,,,,12/8/2020,
Punilla,1709,1709,,49,,,,12/8/2020,
Diguillín,6934,6934,,165,,,,12/9/2020,
Itata,708,708,,39,,,,12/9/2020,
Punilla,1715,1715,,49,,,,12/9/2020,
Diguillín,6978,6978,,166,,,,12/10/2020,
Itata,710,710,,39,,,,12/10/2020,
Punilla,1718,1718,,50,,,,12/10/2020,
Diguillín,7022,7022,,166,,,,12/11/2020,
Itata,720,720,,39,,,,12/11/2020,
Punilla,1724,1724,,50,,,,12/11/2020,
Diguillín,7063,7063,,166,,,,12/12/2020,
Itata,731,731,,39,,,,12/12/2020,
Punilla,1731,1731,,50,,,,12/12/2020,
Diguillín,7093,7093,,167,,,,12/13/2020,
Itata,732,732,,40,,,,12/13/2020,
Punilla,1734,1734,,50,,,,12/13/2020,
Diguillín,7124,7124,,169,,,,12/14/2020,
Itata,734,734,,40,,,,12/14/2020,
Punilla,1743,1743,,50,,,,12/14/2020,
Diguillín,7176,7176,,169,,,,12/15/2020,
Itata,741,741,,40,,,,12/15/2020,
Punilla,1749,1749,,51,,,,12/15/2020,
Diguillín,7227,7227,,172,,,,12/16/2020,
Itata,747,747,,40,,,,12/16/2020,
Punilla,1759,1759,,51,,,,12/16/2020,
Diguillín,7273,7273,,175,,,,12/17/2020,
Itata,751,751,,40,,,,12/17/2020,
Punilla,1768,1768,,51,,,,12/17/2020,
Diguillín,7325,7325,,177,,,,12/18/2020,
Itata,760,760,,41,,,,12/18/2020,
Punilla,1781,1781,,51,,,,12/18/2020,
Diguillín,7364,7364,,180,,,,12/19/2020,
Itata,768,768,,41,,,,12/19/2020,
Punilla,1787,1787,,51,,,,12/19/2020,
Diguillín,7387,7387,,182,,,,12/20/2020,
Itata,778,778,,41,,,,12/20/2020,
Punilla,1797,1797,,51,,,,12/20/2020,
Diguillín,7423,7423,,185,,,,12/21/2020,
Itata,779,779,,41,,,,12/21/2020,
Punilla,1802,1802,,51,,,,12/21/2020,
Diguillín,7495,7495,,187,,,,12/22/2020,
Itata,784,784,,42,,,,12/22/2020,
Punilla,1816,1816,,51,,,,12/22/2020,
Diguillín,7566,7566,,189,,,,12/23/2020,
Itata,787,787,,42,,,,12/23/2020,
Punilla,1832,1832,,51,,,,12/23/2020,
Diguillín,7655,7655,,190,,,,12/24/2020,
Itata,795,795,,42,,,,12/24/2020,
Punilla,1847,1847,,51,,,,12/24/2020,
Diguillín,7707,7707,,191,,,,12/25/2020,
Itata,806,806,,44,,,,12/25/2020,
Punilla,1856,1856,,51,,,,12/25/2020,
Diguillín,7819,7819,,192,,,,12/26/2020,
Itata,807,807,,44,,,,12/26/2020,
Punilla,1866,1866,,51,,,,12/26/2020,
Diguillín,7857,7857,,193,,,,12/27/2020,
Itata,808,808,,44,,,,12/27/2020,
Punilla,1877,1877,,51,,,,12/27/2020,
Diguillín,7886,7886,,199,,,,12/28/2020,
Itata,814,814,,45,,,,12/28/2020,
Punilla,1883,1883,,51,,,,12/28/2020,
Diguillín,7963,7963,,200,,,,12/29/2020,
Itata,818,818,,45,,,,12/29/2020,
Punilla,1895,1895,,51,,,,12/29/2020,
Diguillín,8038,8038,,202,,,,12/30/2020,
Itata,829,829,,45,,,,12/30/2020,
Punilla,1918,1918,,51,,,,12/30/2020,
Diguillín,8076,8076,,205,,,,12/31/2020,
Itata,837,837,,45,,,,12/31/2020,
Punilla,1927,1927,,53,,,,12/31/2020,
Diguillín,8135,8135,,207,,,,1/1/2021,
Itata,849,849,,46,,,,1/1/2021,
Punilla,1941,1941,,54,,,,1/1/2021,
Diguillín,8190,8190,,210,,,,1/2/2021,
Itata,851,851,,46,,,,1/2/2021,
Punilla,1960,1960,,54,,,,1/2/2021,
Diguillín,8236,8236,,210,,,,1/3/2021,
Itata,855,855,,47,,,,1/3/2021,
Punilla,1971,1971,,54,,,,1/3/2021,
Diguillín,8274,8274,,210,,,,1/4/2021,
Itata,859,859,,48,,,,1/4/2021,
Punilla,1980,1980,,55,,,,1/4/2021,
Diguillín,8326,8326,,,,,,1/5/2021,
Itata,864,864,,,,,,1/5/2021,
Punilla,1993,1993,,,,,,1/5/2021,
Diguillín,8415,8415,,,,,,1/6/2021,
Itata,875,875,,,,,,1/6/2021,
Punilla,2007,2007,,,,,,1/6/2021,
Diguillín,8475,8475,,,,,,1/7/2021,
Itata,881,881,,,,,,1/7/2021,
Punilla,2033,2033,,,,,,1/7/2021,
Diguillín,8556,8556,,,,,,1/8/2021,
Itata,889,889,,,,,,1/8/2021,
Punilla,2063,2063,,,,,,1/8/2021,
Diguillín,8616,8616,,,,,,1/9/2021,
Itata,899,899,,,,,,1/9/2021,
Punilla,2081,2081,,,,,,1/9/2021,
Diguillín,9339,9339,,,,,,1/19/2021,
Itata,970,970,,,,,,1/19/2021
Punilla,2257,2257,,,,,,1/19/2021
Diguillín,9421,9421,,,,,,1/20/2021
Itata,977,977,,,,,,1/20/2021
Punilla,2306,2306,,,,,,1/20/2021
Diguillín,9538,9538,,,,,,1/21/2021
Itata,984,984,,,,,,1/21/2021
Punilla,2323,2323,,,,,,1/21/2021
Diguillín,9624,9624,,,,,,1/22/2021
Itata,999,999,,,,,,1/22/2021
Punilla,2357,2357,,,,,,1/22/2021
Diguillín,9669,9669,,,,,,1/23/2021
Itata,1014,1014,,,,,,1/23/2021
Punilla,2381,2381,,,,,,1/23/2021
Diguillín,9740,9740,,,,,,1/24/2021
Itata,1019,1019,,,,,,1/24/2021
Punilla,2412,2412,,,,,,1/24/2021